Compound;InChIKey;SMILES;RT;LAB;DrugClass;1;2;3;4;5;Mean RT;SD;Error;Set;RT error window
1-(4-methylbenzyl) piperazine;RNAXUUAJNMDESG-UHFFFAOYSA-N;CC1=CC=C(C=C1)CN2CCNCC2;3.04;CFSRE;Piperazine derivates;3.37;4.30;4.06;3.58;2.92;3.65;0.55;0.61;Validation;0.5 to 1 min
1-Hydroxymidazolam;QHSMEGADRFZVNE-UHFFFAOYSA-N;C1C2=CN=C(N2C3=C(C=C(C=C3)Cl)C(=N1)C4=CC=CC=C4F)CO;6.61;CFSRE;Unknown;6.62;6.39;6.80;6.64;6.63;6.62;0.15;0.01;Train;± 0.5 min
1P-LSD;JSMQOVGXBIDBIE-OXQOHEQNSA-N;C(C)N(C(=O)[C@H]1CN([C@@H]2CC=3C4=C(C2=C1)C=CC=C4N(C3)C(CC)=O)C)CC;6.49;CFSRE;Indolalkylamines;6.67;6.56;6.47;6.43;6.36;6.50;0.12;0.01;Train;± 0.5 min
2',5'-Dimethoxyfentanyl;SAQRGDVCSASPSH-UHFFFAOYSA-N;COC1=C(CCN2CCC(CC2)N(C(CC)=O)C2=CC=CC=C2)C=C(C=C1)OC;6.05;CFSRE;Opioids;6.18;6.21;6.17;6.10;6.00;6.14;0.08;0.09;Train;± 0.5 min
2'-Fluorofentanyl;HWUYTWQIMNJNNQ-UHFFFAOYSA-N;FC1=C(CCN2CCC(CC2)N(C(CC)=O)C2=CC=CC=C2)C=CC=C1;6.34;CFSRE;Opioids;6.22;6.35;6.43;6.41;6.33;6.35;0.08;0.01;Train;± 0.5 min
2-CDMC;MCNQZCHJBLFDHK-UHFFFAOYSA-N;ClC1=C(C=CC=C1)C(C(C)N(C)C)=O;4.01;CFSRE;Cathinones;4.76;4.69;4.84;4.96;4.53;4.76;0.16;0.75;Optimization;0.5 to 1 min
2-FA;GDSXNLDTQFFIEU-UHFFFAOYSA-N;CC(N)CC1=CC=CC=C1F;3.74;CFSRE;Phenethylamines;3.65;3.75;3.81;3.90;3.67;3.75;0.10;0.01;Train;± 0.5 min
2-Fluoro-JWH-019;RUJXGVGAOVOROW-UHFFFAOYSA-N;FC(CN1C=C(C2=CC=CC=C12)C(=O)C1=CC=CC2=CC=CC=C12)CCCC;10.32;CFSRE;Cannabinoids;10.44;10.19;10.50;10.43;10.24;10.36;0.14;0.04;Validation;± 0.5 min
2-Fluoroviminol;FXQMNNHPOYWWKI-UHFFFAOYSA-N;OC(C1=CC=CN1CC2=CC=CC=C2F)CN(C(CC)C)C(CC)C;7.06;CFSRE;Opioids;6.85;6.93;7.10;7.10;7.01;7.00;0.11;-0.06;Train;± 0.5 min
2-MMA;OEHAYUOVELTAPG-UHFFFAOYSA-N;CC(NC)CC1=CC=CC=C1OC;4.53;CFSRE;Phenethylamines;4.44;4.81;4.74;4.62;4.39;4.60;0.18;0.07;Train;± 0.5 min
2-Methyl AP-237;CRSFXYZFNAFVFC-YRNVUSSQSA-N;C(\C=C\C1=CC=CC=C1)N1CC(N(CC1)C(CCC)=O)C;5.61;CFSRE;Opioids;5.42;5.47;5.64;5.56;5.60;5.54;0.09;-0.07;Train;± 0.5 min
2-Naphthyl U-47700;YRZZSLYUFWBIIK-RTBURBONSA-N;CN([C@H]1[C@@H](CCCC1)N(C(=O)C1=CC2=CC=CC=C2C=C1)C)C;6.1;CFSRE;Opioids;5.81;5.91;5.86;6.06;5.93;5.92;0.09;-0.18;Test;± 0.5 min
2-fluoroethamphetamine;NIWYLNFSJJLYHU-UHFFFAOYSA-N;C(C)NC(CC1=C(C=CC=C1)F)C;4.5;CFSRE;Phenethylamines;4.25;4.45;4.51;4.59;4.39;4.44;0.13;-0.06;Train;± 0.5 min
25B-NBOH;RSUNJYKZRKIBNB-UHFFFAOYSA-N;OC1=CC=CC=C1CNCCC2=CC(OC)=C(Br)C=C2OC;6.67;CFSRE;Phenethylamines;6.73;6.72;6.58;6.64;6.53;6.64;0.09;-0.03;Train;± 0.5 min
25B-NBOMe;SUXGNJVVBGJEFB-UHFFFAOYSA-N;BrC1=CC(=C(C=C1OC)CCNCC1=C(C=CC=C1)OC)OC;7.14;CFSRE;Phenethylamines;7.12;6.98;6.83;6.91;6.92;6.95;0.11;-0.19;Test;± 0.5 min
25C-NBOH;VHWXICYYQMMZCW-UHFFFAOYSA-N;OC1=CC=CC=C1CNCCC2=CC(OC)=C(Cl)C=C2OC;6.48;CFSRE;Phenethylamines;6.55;6.57;6.40;6.49;6.35;6.47;0.09;-0.01;Train;± 0.5 min
25C-NBOMe;FJFPOGCVVLUYAQ-UHFFFAOYSA-N;ClC1=CC(=C(C=C1OC)CCNCC1=C(C=CC=C1)OC)OC;7;CFSRE;Phenethylamines;6.94;6.83;6.74;6.81;6.74;6.82;0.08;-0.18;Train;± 0.5 min
25D-NBOMe;UTVHBNXCFSATDB-UHFFFAOYSA-N;COC1=C(C=C(C(=C1)C)OC)CCNCC1=C(C=CC=C1)OC;7.04;CFSRE;Phenethylamines;6.90;6.86;6.85;6.82;6.76;6.84;0.05;-0.20;Train;± 0.5 min
25E-NBOH;SYBINTRPEZWFLZ-UHFFFAOYSA-N;C(C)C1=CC(=C(C=C1OC)CCNCC1=C(C=CC=C1)O)OC;7.09;CFSRE;Phenethylamines;7.13;7.09;7.07;6.93;7.03;7.05;0.07;-0.04;Train;± 0.5 min
25E-NBOMe;PXDVGFGXPVCNAB-UHFFFAOYSA-N;COC1=CC=CC=C1CNCCC2=CC(OC)=C(CC)C=C2OC;7.58;CFSRE;Phenethylamines;7.46;7.36;7.48;7.28;7.41;7.40;0.08;-0.18;Train;± 0.5 min
25H-NBOMe;RMLXCDMTGWSEOU-UHFFFAOYSA-N;COC1=C(C=C(C=C1)OC)CCNCC1=C(C=CC=C1)OC;6.45;CFSRE;Phenethylamines;6.21;6.27;6.16;6.23;6.03;6.18;0.10;-0.27;Test;± 0.5 min
25I-NBOMe;ZFUOLNAKPBFDIJ-UHFFFAOYSA-N;IC1=CC(=C(C=C1OC)CCNCC1=C(C=CC=C1)OC)OC;7.39;CFSRE;Phenethylamines;7.17;7.09;7.02;6.90;7.05;7.05;0.10;-0.34;Validation;± 0.5 min
25N-NBOMe;TXCKTIBHURMASQ-UHFFFAOYSA-N;COC1=CC=CC=C1CNCCC2=CC(OC)=C([N+]([O-])=O)C=C2OC;6.45;CFSRE;Phenethylamines;6.52;6.28;6.23;6.45;6.31;6.36;0.12;-0.09;Train;± 0.5 min
25T-NBOMe;ZWPIZVVOKGWMFW-UHFFFAOYSA-N;CSC1=CC(=C(C=C1OC)CCNCC1=C(C=CC=C1)OC)OC;6.91;CFSRE;Phenethylamines;7.14;6.98;7.02;7.02;6.94;7.02;0.07;0.11;Optimization;± 0.5 min
25T4-NBOMe;BOWHVFJVXBVJCU-UHFFFAOYSA-N;COC1=CC=CC=C1CNCCC2=CC(OC)=C(SC(C)C)C=C2OC;7.73;CFSRE;Phenethylamines;7.79;7.68;7.66;7.78;7.67;7.72;0.06;-0.01;Train;± 0.5 min
25T7-NBOMe;CPVMNHOHOSNFOP-UHFFFAOYSA-N;COC1=CC=CC=C1CNCCC2=CC(OC)=C(SCCC)C=C2OC;7.85;CFSRE;Phenethylamines;7.95;7.84;7.80;7.87;7.81;7.85;0.06;0.00;Test;± 0.5 min
2C-B;YMHOBZXQZVXHBM-UHFFFAOYSA-N;BrC1=CC(=C(C=C1OC)CCN)OC;5.36;CFSRE;Phenethylamines;5.26;5.60;5.22;5.33;5.03;5.29;0.21;-0.07;Test;± 0.5 min
2C-B-FLY;YZDFADGMVOSVIX-UHFFFAOYSA-N;BrC1=C2C(=C(C=3CCOC31)CCN)OCC2;5.5;CFSRE;Phenethylamines;5.21;5.55;5.25;5.33;5.09;5.29;0.17;-0.21;Train;± 0.5 min
2C-C;CGKQFIWIPSIVAS-UHFFFAOYSA-N;NCCC1=CC(OC)=C(Cl)C=C1OC;5.14;CFSRE;Phenethylamines;5.06;5.38;5.04;5.09;4.78;5.07;0.21;-0.07;Test;± 0.5 min
2C-D;UNQQFDCVEMVQHM-UHFFFAOYSA-N;NCCC1=CC(OC)=C(C)C=C1OC;5.12;CFSRE;Phenethylamines;4.81;5.13;4.84;4.84;4.59;4.84;0.19;-0.28;Train;± 0.5 min
2C-E;VDRGNAMREYBIHA-UHFFFAOYSA-N;C(C)C1=CC(=C(C=C1OC)CCN)OC;5.9;CFSRE;Phenethylamines;5.31;5.67;5.36;5.42;5.20;5.39;0.17;-0.51;Validation;-1 to -0.5 min
2C-G;NFOHGLKGLZIHJQ-UHFFFAOYSA-N;NCCC1=CC(OC)=C(C)C(C)=C1OC;5.66;CFSRE;Phenethylamines;5.39;5.76;5.43;5.52;5.30;5.48;0.18;-0.18;Validation;± 0.5 min
2C-H;WNCUVUUEJZEATP-UHFFFAOYSA-N;COC1=C(C=C(C=C1)OC)CCN;4.16;CFSRE;Phenethylamines;3.96;4.22;3.99;4.08;3.53;3.95;0.26;-0.21;Train;± 0.5 min
2C-I;PQHQBRJAAZQXHL-UHFFFAOYSA-N;COC1=C(I)C=C(OC)C(CCN)=C1;5.73;CFSRE;Phenethylamines;5.39;5.76;5.38;5.48;5.18;5.44;0.21;-0.29;Train;± 0.5 min
2C-N;ZMUSDZGRRJGRAO-UHFFFAOYSA-N;NCCC1=CC(OC)=C([N+]([O-])=O)C=C1OC;4.37;CFSRE;Phenethylamines;4.26;4.45;4.11;4.20;4.20;4.24;0.12;-0.13;Train;± 0.5 min
2C-P;PZJOKFZGPTVNBF-UHFFFAOYSA-N;COC1=C(CCN)C=C(OC)C(CCC)=C1;6.57;CFSRE;Phenethylamines;6.00;6.34;5.90;6.04;6.13;6.08;0.17;-0.49;Validation;± 0.5 min
2C-T-2;HCWQGDLBIKOJPM-UHFFFAOYSA-N;C(C)SC1=CC(=C(C=C1OC)CCN)OC;5.71;CFSRE;Phenethylamines;5.37;5.75;5.48;5.59;5.36;5.51;0.16;-0.20;Train;± 0.5 min
2C-T-7;OLEVEPDJOFPJTF-UHFFFAOYSA-N;COC1=C(C=C(C(=C1)SCCC)OC)CCN;6.4;CFSRE;Phenethylamines;6.02;6.30;6.22;6.15;6.04;6.15;0.12;-0.25;Train;± 0.5 min
2F-Deschloroketamine;PHFAGYYTDLITTB-UHFFFAOYSA-N;FC1=C(C=CC=C1)C1(C(CCCC1)=O)NC;4.32;CFSRE;Arylcyclohexylamines;4.39;4.30;4.35;4.30;4.30;4.33;0.04;0.01;Train;± 0.5 min
3,4-DMMC;IBZRXTVDTGVBIS-UHFFFAOYSA-N;CC(NC)C(C1=CC=C(C)C(C)=C1)=O;5.09;CFSRE;Cathinones;4.94;4.96;5.11;5.14;4.73;4.97;0.16;-0.12;Train;± 0.5 min
3,4-Dichloromethylphenidate;JUKMAYKVHWKRKY-UHFFFAOYSA-N;ClC=1C=C(C=CC1Cl)C(C(=O)OC)C1NCCCC1;6.6;CFSRE;Piperidines & pyrrolidines;6.21;6.25;6.55;6.74;6.68;6.48;0.24;-0.12;Validation;± 0.5 min
3,4-Dimethyl Alpha-PVP;IKKXRCRMSQZNLG-UHFFFAOYSA-N;CC=1C=C(C=CC1C)C(C(CCC)N1CCCC1)=O;6.53;CFSRE;Cathinones;6.50;6.54;6.71;6.82;6.50;6.61;0.15;0.08;Validation;± 0.5 min
3,4-Methylenedioxy-alpha-PHP;OBLFRFGUZZRECT-UHFFFAOYSA-N;CCCCC(N1CCCC1)C(C2=CC=C(OCO3)C3=C2)=O;6.11;CFSRE;Cathinones;5.70;5.54;5.42;5.77;5.24;5.53;0.21;-0.58;Validation;-1 to -0.5 min
3-CAF;VBZWFDNXUJTAGG-UHFFFAOYSA-N;O=C(C1=NN(C2=CC=CC=C2F)C3=C1C=CC=C3)OC4=CC=C5C=CC=CC5=C4;10.45;CFSRE;Cannabinoids;10.38;10.22;10.53;10.38;10.43;10.39;0.11;-0.06;Train;± 0.5 min
3-CDMC;UYZAXUWVJGHEFL-UHFFFAOYSA-N;ClC=1C=C(C=CC1)C(C(C)N(C)C)=O;4.49;CFSRE;Cathinones;4.71;4.62;4.76;4.90;4.48;4.69;0.16;0.20;Train;± 0.5 min
3-Cl-PCP;HUHBTESMMFLCAN-UHFFFAOYSA-N;ClC=1C=C(C=CC1)C1(CCCCC1)N1CCCCC1;6.57;CFSRE;Arylcyclohexylamines;6.73;6.39;6.59;6.61;6.47;6.56;0.13;-0.01;Train;± 0.5 min
3-FA;PIOCLGPCMNPZFT-UHFFFAOYSA-N;FC=1C=C(C=CC1)CC(N)C;3.74;CFSRE;Phenethylamines;3.65;3.75;3.81;3.90;3.67;3.75;0.10;0.01;Train;± 0.5 min
3-FMA;RRVAUTPWWWFYQT-UHFFFAOYSA-N;FC=1C=C(C=CC1)CC(C)NC;4.06;CFSRE;Phenethylamines;3.92;4.00;4.07;4.12;3.94;4.01;0.09;-0.05;Train;± 0.5 min
3-FMC;PQIBROLLUQSNQI-UHFFFAOYSA-N;FC=1C=C(C=CC1)C(C(C)NC)=O;3.43;CFSRE;Cathinones;3.35;3.35;3.38;3.52;3.32;3.38;0.08;-0.05;Train;± 0.5 min
3-Hydroxy PCE;MIKNPNLBFHVMKK-UHFFFAOYSA-N;C(C)NC1(CCCCC1)C=1C=C(C=CC1)O;5.01;CFSRE;Arylcyclohexylamines;4.88;4.74;4.68;4.62;4.70;4.72;0.10;-0.29;Optimization;± 0.5 min
3-MMA;VEJWNIYARKAHFI-UHFFFAOYSA-N;NC(C)CC1=CC=CC(OC)=C1;4.53;CFSRE;Phenethylamines;4.06;4.43;4.34;4.23;4.00;4.21;0.18;-0.32;Train;± 0.5 min
3-MeO-PCE;OFGOOZLOGUNDFS-UHFFFAOYSA-N;C(C)NC1(CCCCC1)C1=CC(=CC=C1)OC;6;CFSRE;Arylcyclohexylamines;5.11;4.90;4.90;4.91;4.84;4.93;0.11;-1.07;Test;-2 to -1 min
3-Methyl fentanyl;MLQRZXNZHAOCHQ-UHFFFAOYSA-N;CCC(N(C1C(C)CN(CCC2=CC=CC=C2)CC1)C3=CC=CC=C3)=O;6.49;CFSRE;Opioids;6.55;6.69;6.73;6.77;6.67;6.68;0.09;0.19;Test;± 0.5 min
3-Methyl-PCP;BMFKUCGCXMDGBK-UHFFFAOYSA-N;CC=1C=C(C=CC1)C1(CCCCC1)N1CCCCC1;6.59;CFSRE;Arylcyclohexylamines;6.54;6.19;6.39;6.34;6.38;6.37;0.12;-0.22;Validation;± 0.5 min
3-OH-PCP;AMSXTZUCNOKUEN-UHFFFAOYSA-N;N1(CCCCC1)C1(CCCCC1)C=1C=C(C=CC1)O;5.25;CFSRE;Arylcyclohexylamines;5.57;5.37;5.47;5.57;5.37;5.47;0.10;0.22;Train;± 0.5 min
3F-MT-45;CGVHPULMBGGZPI-UHFFFAOYSA-N;FC1=CC(C(N2CCN(C3CCCCC3)CC2)CC4=CC=CC=C4)=CC=C1;7.6;CFSRE;Opioids;7.50;7.55;7.94;7.88;7.72;7.72;0.19;0.12;Train;± 0.5 min
3F-PCP;PFPLGKFWWBXTNP-UHFFFAOYSA-N;FC=1C=C(C=CC1)C1(CCCCC1)N1CCCCC1;6.05;CFSRE;Arylcyclohexylamines;6.29;5.96;6.13;6.11;6.06;6.11;0.12;0.06;Train;± 0.5 min
4'-Methyl Hexedrone;BDTHWVVHQBNAGU-UHFFFAOYSA-N;CNC(C(=O)C1=CC=C(C=C1)C)CCCC;6.32;CFSRE;Cathinones;5.97;6.18;6.40;6.30;5.97;6.16;0.19;-0.16;Train;± 0.5 min
4'-Methylfentanyl;AGSRCZOBGTWFFY-UHFFFAOYSA-N;CC1=CC=C(C=C1)CCN1CCC(CC1)N(C(CC)=O)C1=CC=CC=C1;6.75;CFSRE;Opioids;6.58;6.72;6.76;6.81;6.71;6.71;0.08;-0.04;Train;± 0.5 min
4-ANBP;FSXGJIFBTBJMHV-UHFFFAOYSA-N;C1(NC2CCN(CC3=CC=CC=C3)CC2)=CC=CC=C1;5.78;CFSRE;Opioids;5.61;6.03;6.06;6.01;6.38;6.02;0.27;0.24;Test;± 0.5 min
4-ANPP;ZCMDXDQUYIWEKB-UHFFFAOYSA-N;N1(CCC2=CC=CC=C2)CCC(NC3=CC=CC=C3)CC1;6.12;CFSRE;Piperidines & pyrrolidines;5.78;6.05;6.12;5.83;5.97;5.95;0.14;-0.17;Test;± 0.5 min
4-AcO-EPT;VMFRFQVZMZGHOK-UHFFFAOYSA-N;C(C)(=O)OC1=C2C(=CNC2=CC=C1)CCN(CCC)CC;5.42;CFSRE;Indolalkylamines;5.45;5.25;5.33;5.38;5.38;5.36;0.08;-0.06;Validation;± 0.5 min
4-Acetoxy-MALT;PGBFYUDKPCYIEB-UHFFFAOYSA-N;CC(OC1=CC=CC2=C1C(CCN(CC=C)C)=CN2)=O;4.95;CFSRE;Indolalkylamines;4.96;4.92;4.97;4.81;4.71;4.87;0.11;-0.08;Train;± 0.5 min
4-Bromomethcathinone;OOJXMFNDUXHDOV-UHFFFAOYSA-N;BrC1=CC=C(C=C1)C(C(C)NC)=O;4.81;CFSRE;Cathinones;4.61;4.55;4.69;4.81;4.36;4.60;0.17;-0.21;Train;± 0.5 min
4-CDMC;XMBDJBGDUKIOFM-UHFFFAOYSA-N;CC(N(C)C)C(C1=CC=C(Cl)C=C1)=O;4.72;CFSRE;Cathinones;4.68;4.58;4.72;4.87;4.45;4.66;0.16;-0.06;Train;± 0.5 min
4-Cl-alpha-PVP;NIGBFBTVONRYQN-UHFFFAOYSA-N;CCCC(N1CCCC1)C(C2=CC=C(Cl)C=C2)=O;6.15;CFSRE;Cathinones;5.96;6.10;6.17;6.18;5.86;6.05;0.14;-0.10;Optimization;± 0.5 min
4-EEC;FAXVCSOMTSWQNT-UHFFFAOYSA-N;CCNC(C)C(=O)C1=CC=C(CC)C=C1;5.44;CFSRE;Cathinones;5.27;5.39;5.55;5.53;5.17;5.38;0.16;-0.06;Train;± 0.5 min
4-FA;DGXWNDGLEOIEGT-UHFFFAOYSA-N;CC(N)CC1=CC=C(F)C=C1;3.74;CFSRE;Phenethylamines;3.65;3.75;3.81;3.90;3.67;3.75;0.10;0.01;Train;± 0.5 min
4-FMA;YCWZPIHKUYZTFM-UHFFFAOYSA-N;CC(NC)CC1=CC=C(F)C=C1;4.06;CFSRE;Phenethylamines;3.92;4.00;4.07;4.12;3.94;4.01;0.09;-0.05;Test;± 0.5 min
4-FMC;MWKQPIROPJSFRI-UHFFFAOYSA-N;FC1=CC=C(C=C1)C(C(C)NC)=O;3.43;CFSRE;Cathinones;3.34;3.35;3.38;3.52;3.31;3.38;0.08;-0.05;Optimization;± 0.5 min
4-Fluoroethamphetamine;PUJNOWQUPWZVER-UHFFFAOYSA-N;C(C)NC(CC1=CC=C(C=C1)F)C;4.56;CFSRE;Phenethylamines;4.25;4.45;4.51;4.59;4.39;4.44;0.13;-0.12;Train;± 0.5 min
4-Fluoropentedrone;QBFXBDUCRNGHSA-UHFFFAOYSA-N;FC1=CC=C(C=C1)C(C(CCC)NC)=O;5.19;CFSRE;Cathinones;4.96;5.01;5.14;5.21;4.82;5.03;0.16;-0.16;Train;± 0.5 min
4-HO-DiPT;KBRYKXCBGISXQV-UHFFFAOYSA-N;CC(C)N(CCC1=CNC2=C1C(O)=CC=C2)C(C)C;4.68;CFSRE;Indolalkylamines;4.95;4.87;4.77;4.70;4.90;4.84;0.10;0.16;Train;± 0.5 min
4-HO-MET;ORWQBKPSGDRPPA-UHFFFAOYSA-N;OC1=CC=CC2=C1C(CCN(CC)C)=CN2;3.52;CFSRE;Indolalkylamines;3.72;3.56;3.62;3.52;3.51;3.59;0.09;0.07;Train;± 0.5 min
4-MEC;ZOXZWYWOECCBSH-UHFFFAOYSA-N;C(C)NC(C(=O)C1=CC=C(C=C1)C)C;4.59;CFSRE;Cathinones;4.56;4.55;4.66;4.82;4.39;4.60;0.16;0.01;Train;± 0.5 min
4-MeO-PCP;MUZGGFNYVLGUFS-UHFFFAOYSA-N;COC1=CC=C(C2(N3CCCCC3)CCCCC2)C=C1;6.25;CFSRE;Arylcyclohexylamines;5.84;5.67;5.74;6.18;5.68;5.82;0.21;-0.43;Train;± 0.5 min
4-MeOPP;MRDGZSKYFPGAKP-UHFFFAOYSA-N;COC1=CC=C(N2CCNCC2)C=C1;3.69;CFSRE;Piperazine derivates;4.12;4.35;4.74;4.05;3.88;4.23;0.33;0.54;Validation;0.5 to 1 min
4-Methoxybutyryl Fentanyl;FNVSEQCPMXWQKG-UHFFFAOYSA-N;CCCC(N(C1=CC=C(OC)C=C1)C2CCN(CCC3=CC=CC=C3)CC2)=O;6.87;CFSRE;Opioids;6.34;6.48;6.50;6.40;6.38;6.42;0.07;-0.45;Train;± 0.5 min
4-Methylaminorex;LJQBMYDFWFGESC-UHFFFAOYSA-N;NC1=NC(C)C(C2=CC=CC=C2)O1;4.2;CFSRE;Unknown;4.19;3.99;4.59;4.37;4.22;4.27;0.22;0.07;Train;± 0.5 min
4-Methyldiethcathinone;SPARQPFHQXMJOR-UHFFFAOYSA-N;CC(N(CC)CC)C(C1=CC=C(C)C=C1)=O;4.94;CFSRE;Cathinones;5.10;5.10;5.26;5.38;4.97;5.16;0.16;0.22;Optimization;± 0.5 min
4-Methylmethylphenidate;WJZNCJIOIACDBR-UHFFFAOYSA-N;O=C(OC)[C@H](C1=CC=C(C)C=C1)[C@@H]2NCCCC2;5.69;CFSRE;Piperidines & pyrrolidines;5.55;5.55;5.64;5.68;5.74;5.63;0.08;-0.06;Test;± 0.5 min
4-OH-MDMB-BINACA;RYJWSRJLIKZYSA-MRXNPFEDSA-N;CC(C)(C)[C@H](NC(C1=NN(CCCCO)C2=C1C=CC=C2)=O)C(OC)=O;8.29;CFSRE;Cannabinoids;7.64;7.80;7.52;7.68;7.78;7.69;0.11;-0.60;Train;-1 to -0.5 min
4-Phenyl Fentanyl;BXCJXJLHYMWMQU-UHFFFAOYSA-N;CCC(N(C1=CC=CC=C1)C2(C3=CC=CC=C3)CCN(CCC4=CC=CC=C4)CC2)=O;7.55;CFSRE;Opioids;7.57;7.43;7.59;7.63;7.52;7.55;0.08;0.00;Train;± 0.5 min
4-Phenyl-U-51754;JMDIMUCMZWADSC-FGZHOGPDSA-N;CN([C@H]1[C@@H](CCCC1)N(C(CC1=CC=C(C=C1)C1=CC=CC=C1)=O)C)C;7.28;CFSRE;Opioids;6.53;6.70;6.75;6.78;6.69;6.69;0.10;-0.59;Train;-1 to -0.5 min
4-cyano CUMYL-BUT7AICA;DYPZVGXELGJCHD-UHFFFAOYSA-N;O=C(C1=CN(CCCCC#N)C2=NC=CC=C21)NC(C3=CC=CC=C3)(C)C;8.05;CFSRE;Cannabinoids;8.17;7.97;8.22;8.23;8.08;8.13;0.11;0.08;Train;± 0.5 min
4-cyano CUMYL-BUTINACA;JGTSOWOPISVAHG-UHFFFAOYSA-N;O=C(C1=NN(CCCCC#N)C2=C1C=CC=C2)NC(C3=CC=CC=C3)(C)C;8.91;CFSRE;Cannabinoids;8.69;8.81;9.02;9.03;8.82;8.88;0.15;-0.03;Optimization;± 0.5 min
4-cyano CUMYL-BUTINACA N-Butanoic Acid;GSTMIZJJZIRIMN-UHFFFAOYSA-N;C1(=CC=CC=C1)C(C)(C)NC(=O)C1=NN(C2=CC=CC=C12)CCCC(=O)O;8.43;CFSRE;Cannabinoids;8.92;8.74;9.22;8.87;8.69;8.89;0.21;0.46;Optimization;± 0.5 min
4-ethyl-n,n-DMC;IJXRTMSYZBTQFS-UHFFFAOYSA-N;CC(N(C)C)C(C1=CC=C(CC)C=C1)=O;5.28;CFSRE;Cathinones;5.11;5.18;5.33;5.38;4.98;5.20;0.16;-0.08;Train;± 0.5 min
4-fluoro-3-methyl-alpha-PVP;LFTWWOQOBQFPAT-UHFFFAOYSA-N;FC1=C(C=C(C=C1)C(C(CCC)N1CCCC1)=O)C;6.22;CFSRE;Cathinones;6.04;6.10;6.24;6.33;5.94;6.13;0.16;-0.09;Test;± 0.5 min
4Cl-Isopropylcathinone;AZTFYJYLDIQSAG-UHFFFAOYSA-N;CC(NC(C)C)C(C1=CC=C(Cl)C=C1)=O;5.3;CFSRE;Cathinones;5.32;5.34;5.50;5.51;5.12;5.36;0.16;0.06;Test;± 0.5 min
4F-ABINACA;CBDPDVXPZYOIRM-UHFFFAOYSA-N;C12(CC3CC(CC(C1)C3)C2)NC(=O)C2=NN(C3=CC=CC=C23)CCCCF;10.47;CFSRE;Cannabinoids;8.64;8.71;8.94;8.94;8.75;8.80;0.14;-1.67;Validation;-2 to -1 min
4F-CUMYL-5F-PINACA;WAXVVLQFKMMDHR-UHFFFAOYSA-N;CC(C)(NC(=O)c1nn(CCCCCF)c2ccccc12)c1ccc(F)cc1;9.37;CFSRE;Cannabinoids;9.32;9.40;9.84;9.72;9.61;9.58;0.22;0.21;Train;± 0.5 min
4F-MDMB-BICA;QIKHYQCWGUGFBB-UHFFFAOYSA-N;FCCCCN1C=C(C2=CC=CC=C12)C(=O)NC(C(=O)OC)C(C)(C)C;9.03;CFSRE;Cannabinoids;8.99;8.95;9.26;9.09;8.93;9.04;0.14;0.01;Optimization;± 0.5 min
4F-MDMB-BINACA;GZGKSDAMWRWYOZ-MRXNPFEDSA-N;FCCCCN1N=C(C2=CC=CC=C12)C(=O)N[C@H](C(=O)OC)C(C)(C)C;9.16;CFSRE;Cannabinoids;8.80;9.13;9.12;9.05;9.05;9.03;0.13;-0.13;Train;± 0.5 min
4F-MDMB-BINACA;GZGKSDAMWRWYOZ-MRXNPFEDSA-N;FCCCCN1N=C(C2=CC=CC=C12)C(=O)N[C@H](C(=O)OC)C(C)(C)C;9.37;CFSRE;Cannabinoids;8.80;9.13;9.12;9.05;9.05;9.03;0.13;-0.34;Train;± 0.5 min
4F-MDMB-BINACA 3,3-Dimethylbutanoic Acid;MRWJDMYYZZXELF-OAHLLOKOSA-N;FCCCCN1N=C(C2=CC=CC=C12)C(=O)N[C@H](C(=O)O)C(C)(C)C;8.58;CFSRE;Cannabinoids;8.49;8.64;8.70;8.63;8.71;8.64;0.09;0.06;Train;± 0.5 min
4F-alpha-PHP;BCJXLSGKMNRRKO-UHFFFAOYSA-N;CCCCC(N1CCCC1)C(C2=CC=C(F)C=C2)=O;6.06;CFSRE;Cathinones;5.95;6.03;6.09;6.20;5.82;6.02;0.14;-0.04;Train;± 0.5 min
4F-alpha-PVP;BQLSUBYYRRZHRK-UHFFFAOYSA-N;CCCC(N1CCCC1)C(C2=CC=C(F)C=C2)=O;5.37;CFSRE;Cathinones;5.37;5.37;5.52;5.60;5.21;5.41;0.15;0.04;Train;± 0.5 min
4’-Chlorodiazepam;PUMYFTJOWAJIKF-UHFFFAOYSA-N;O=C1N(C)C2=CC=C(Cl)C=C2C(C3=CC=C(Cl)C=C3)=NC1;8.95;CFSRE;Benzodiazepines;7.78;7.74;8.13;8.05;7.85;7.91;0.17;-1.04;Optimization;-2 to -1 min
5,6-Dichloro Desmethylchlorphine;LAGUDYUGRSQDKS-UHFFFAOYSA-N;ClC1=CC2=C(NC(N2C2CCN(CC2)CC2=CC=C(C=C2)Cl)=O)C=C1Cl;7.41;CFSRE;Opioids;6.94;7.04;7.28;7.27;7.12;7.13;0.15;-0.28;Train;± 0.5 min
5-APB;VKUMKUZDZWHMQU-UHFFFAOYSA-N;CC(N)CC1=CC=C(OC=C2)C2=C1;4.62;CFSRE;Arylalkylamines;4.32;4.11;3.90;3.54;3.79;3.93;0.30;-0.69;Optimization;-1 to -0.5 min
5-Fluoropentyl-3-pyridinoylindole;CNMQLCYLJPWHEW-UHFFFAOYSA-N;O=C(C1=CN(CCCCCF)C2=C1C=CC=C2)C3=CC=CN=C3;8.2;CFSRE;Cannabinoids;8.01;8.09;8.32;8.24;8.11;8.15;0.13;-0.05;Train;± 0.5 min
5-IT;AULGMISRJWGTBA-UHFFFAOYSA-N;CC(N)CC1=CC2=C(NC=C2)C=C1;3.77;CFSRE;Indolalkylamines;3.71;3.88;3.98;3.85;3.68;3.82;0.12;0.05;Optimization;± 0.5 min
5-MeO-Amt;OGNJZVNNKBZFRM-UHFFFAOYSA-N;COC1=CC2=C(NC=C2CC(C)N)C=C1;4.29;CFSRE;Indolalkylamines;3.39;3.17;3.45;3.40;3.03;3.29;0.18;-1.00;Train;-1 to -0.5 min
5-MeO-DALT;HGRHWEAUHXYNNP-UHFFFAOYSA-N;C=CCN(CC=C)CCC1=CNC2=C1C=C(OC)C=C2;5.4;CFSRE;Indolalkylamines;5.08;5.29;5.08;4.97;5.14;5.11;0.12;-0.29;Optimization;± 0.5 min
5-MeO-DMT;ZSTKHSQDNIGFLM-UHFFFAOYSA-N;COC=1C=C2C(=CNC2=CC1)CCN(C)C;4.08;CFSRE;Indolalkylamines;3.58;3.56;3.53;3.42;3.45;3.51;0.07;-0.57;Train;-1 to -0.5 min
5-MeO-DiPT;DNBPMBJFRRVTSJ-UHFFFAOYSA-N;CC(N(C(C)C)CCC1=CNC2=C1C=C(OC)C=C2)C;5.34;CFSRE;Indolalkylamines;5.33;5.26;5.47;5.24;5.40;5.34;0.10;0.00;Train;± 0.5 min
5-Methyl Etodesnitazene;ZARKNPABJGEAOQ-UHFFFAOYSA-N;C(C)OC1=CC=C(C=C1)CC1=NC2=C(N1CCN(CC)CC)C=CC(=C2)C;5.59;CFSRE;Opioids;5.79;6.10;6.09;6.20;6.19;6.07;0.17;0.48;Train;± 0.5 min
5-fluoro AB-PINACA;WCBYXIBEPFZUBG-HNNXBMFYSA-N;O=C(C1=NN(CCCCCF)C2=C1C=CC=C2)N[C@@H](C(C)C)C(N)=O;8.03;CFSRE;Cannabinoids;7.96;8.11;8.13;8.27;8.19;8.13;0.11;0.10;Validation;± 0.5 min
5-fluoro CYPPICA;ZBWTXQPFLUBXFN-UHFFFAOYSA-N;O=C(C1=CN(CCCCCF)C2=C1C=CC=C2)NCC3CC3;8.42;CFSRE;Cannabinoids;8.20;8.28;8.59;8.50;8.31;8.38;0.16;-0.04;Train;± 0.5 min
5-fluoro PY-PICA;AJOAHRJLOXOZKX-UHFFFAOYSA-N;O=C(C1=CN(CCCCCF)C2=C1C=CC=C2)N3CCCC3;8.32;CFSRE;Cannabinoids;8.04;8.14;8.48;8.35;8.17;8.24;0.17;-0.08;Train;± 0.5 min
5Br-AKB48;JKYXWDCDKGVNGP-UHFFFAOYSA-N;O=C(NC12CC3CC(CC(C3)C1)C2)c1nn(CCCCCBr)c2ccccc12;11.11;CFSRE;Cannabinoids;9.37;9.53;9.80;9.73;9.61;9.61;0.17;-1.50;Test;-2 to -1 min
5Br-THJ-018;CHDPCRSBPAVUIZ-UHFFFAOYSA-N;O=C(C1=NN(CCCCCBr)C2=C1C=CC=C2)C3=C4C=CC=CC4=CC=C3;10.51;CFSRE;Cannabinoids;10.23;9.97;10.57;10.31;10.19;10.25;0.22;-0.26;Test;± 0.5 min
5Cl-AB-PINACA;VUPMALPMUYUYES-UHFFFAOYSA-N;O=C(C1=NN(CCCCCCl)C2=C1C=CC=C2)NC(C(N)=O)C(C)C;8.58;CFSRE;Cannabinoids;8.52;8.83;8.65;8.70;8.77;8.70;0.12;0.12;Train;± 0.5 min
5Cl-AKB48;LGENBCKWDLSPTD-UHFFFAOYSA-N;O=C(C1=NN(CCCCCCl)C2=C1C=CC=C2)NC34CC5CC(C4)CC(C5)C3;10.99;CFSRE;Cannabinoids;9.38;9.49;9.81;9.78;9.65;9.62;0.18;-1.37;Train;-2 to -1 min
5Cl-THJ-018;KLRDJQQYGMTILS-UHFFFAOYSA-N;O=C(c1cccc2ccccc12)c1nn(CCCCCCl)c2ccccc12;10.39;CFSRE;Cannabinoids;10.10;9.83;10.45;10.16;10.09;10.13;0.22;-0.26;Test;± 0.5 min
5F-7-QUPAIC;CUGIQDZEJKPBDW-UHFFFAOYSA-N;O=C(Oc1cccc2cccnc12)c1cn(CCCCCF)c2ncccc12;8.93;CFSRE;Cannabinoids;8.86;8.69;8.99;8.80;8.84;8.83;0.11;-0.10;Train;± 0.5 min
5F-AB-FUPPYCA;GSXRDTDYPSATDE-UHFFFAOYSA-N;O=C(C1=NN(CCCCCF)C(C2=CC=C(F)C=C2)=C1)NC(C(C)C)C(N)=O;8.7;CFSRE;Cannabinoids;8.44;8.60;8.91;8.60;8.71;8.65;0.17;-0.05;Optimization;± 0.5 min
5F-ABICA;GQYZBLMAONPUNX-UHFFFAOYSA-N;O=C(C1=CN(CCCCCF)C2=C1C=CC=C2)N[C@H](C(N)=O)C(C)C;7.89;CFSRE;Cannabinoids;8.41;8.60;8.98;8.58;8.65;8.64;0.21;0.75;Validation;0.5 to 1 min
5F-ADB;PWEKNGSNNAKWBL-KRWDZBQOSA-N;CC(C)(C)[C@H](C(OC)=O)NC(C1=NN(CCCCCF)C2=C1C=CC=C2)=O;9.62;CFSRE;Cannabinoids;9.13;9.27;9.45;9.31;9.22;9.27;0.12;-0.35;Train;± 0.5 min
5F-ADB 3,3-Dimethylbutanoic Acid;MVDXLPCBCLGFHC-MRXNPFEDSA-N;CC(C)(C)[C@@H](C(O)=O)NC(C1=NN(CCCCCF)C2=C1C=CC=C2)=O;9;CFSRE;Cannabinoids;8.87;9.18;9.24;9.03;9.15;9.10;0.15;0.10;Test;± 0.5 min
5F-ADBICA;ITZSOCZDFSHNCL-UHFFFAOYSA-N;O=C(C1=CN(CCCCCF)C2=C1C=CC=C2)NC(C(N)=O)C(C)(C)C;8.25;CFSRE;Cannabinoids;8.60;8.61;9.03;8.72;8.79;8.75;0.18;0.50;Train;0.5 to 1 min
5F-AEB;YWSYUMWEKPNAHT-UHFFFAOYSA-N;FCCCCCN1N=C(C2=CC=CC=C12)C(=O)N[C@H](C(=O)OCC)C(C)C;9.6;CFSRE;Cannabinoids;9.11;9.24;9.44;9.29;9.19;9.25;0.12;-0.35;Train;± 0.5 min
5F-AKB48;UCMFSGVIEPXYIV-UHFFFAOYSA-N;O=C(C1=NN(CCCCCF)C2=C1C=CC=C2)NC34CC5CC(C4)CC(C5)C3;10.56;CFSRE;Cannabinoids;9.06;9.16;9.48;9.45;9.30;9.29;0.18;-1.27;Optimization;-2 to -1 min
5F-AMB;SAFXSUZMRLTBMM-UHFFFAOYSA-N;CC(C)[C@@H](C(OC)=O)NC(C1=NN(CCCCCF)C2=C1C=CC=C2)=O;9.23;CFSRE;Cannabinoids;8.87;9.25;9.20;9.12;9.15;9.12;0.14;-0.11;Train;± 0.5 min
5F-AMB 3-Methylbutanoic Acid;FGTPKIQXNMGJLF-HNNXBMFYSA-N;CC(C)[C@@H](C(O)=O)NC(C1=NN(CCCCCF)C2=C1C=CC=C2)=O;8.58;CFSRE;Cannabinoids;8.56;8.74;8.78;8.70;8.80;8.72;0.10;0.14;Train;± 0.5 min
5F-APINAC;FOBFXVSQNAVUMG-UHFFFAOYSA-N;O=C(C1=NN(CCCCCF)C2=C1C=CC=C2)OC34CC5CC(C4)CC(C5)C3;10.97;CFSRE;Cannabinoids;9.61;9.51;9.70;9.52;9.64;9.59;0.08;-1.38;Train;-2 to -1 min
5F-BEPIRAPIM;WHHDMGMJHFYVEK-UHFFFAOYSA-N;O=C(c1cn(CCCCCF)c2ccccc12)N1CCN(Cc2ccccc2)CC1;7.15;CFSRE;Cannabinoids;8.53;6.87;6.21;7.68;6.71;7.20;0.91;0.05;Optimization;± 0.5 min
5F-BZO-POXIZID;CJINBVDNZDUMJM-UHFFFAOYSA-N;FCCCCCN1C(\C(\C2=CC=CC=C12)=N/NC(C1=CC=CC=C1)=O)=O;9.34;CFSRE;Cannabinoids;8.95;9.14;9.35;8.99;9.22;9.13;0.17;-0.21;Test;± 0.5 min
5F-CUMYL-P7AICA;MXJYOUMYJGNQEY-UHFFFAOYSA-N;O=C(C1=CN(CCCCCF)C2=NC=CC=C12)NC(C)(C3=CC=CC=C3)C;8.81;CFSRE;Cannabinoids;8.70;8.73;8.99;9.01;8.80;8.85;0.15;0.04;Train;± 0.5 min
5F-CUMYL-PICA;ZJCYQNSYQBCKOD-UHFFFAOYSA-N;CC(C)(C1=CC=CC=C1)NC(=O)C2=CN(C3=CC=CC=C32)CCCCCF;9.37;CFSRE;Cannabinoids;9.37;9.51;9.78;9.66;9.57;9.58;0.15;0.21;Train;± 0.5 min
5F-CUMYL-PINACA;XSHGVIPHMOTDCS-UHFFFAOYSA-N;O=C(C1=NN(CCCCCF)C2=C1C=CC=C2)NC(C)(C3=CC=CC=C3)C;9.73;CFSRE;Cannabinoids;9.24;9.36;9.76;9.61;9.55;9.50;0.21;-0.23;Test;± 0.5 min
5F-CUMYL-PeGACLONE;SMRRORRDOWXERZ-UHFFFAOYSA-N;FCCCCCN1C2=C(C=3C=CC=CC13)C(N(C=C2)C(C)(C)C2=CC=CC=C2)=O;9.43;CFSRE;Cannabinoids;9.54;9.49;9.72;9.44;9.41;9.52;0.12;0.09;Train;± 0.5 min
5F-EDMB-PICA;RNWBJOCYFGGMRJ-UHFFFAOYSA-N;FCCCCCN1C=C(C2=CC=CC=C12)C(=O)NC(C(=O)OCC)C(C)(C)C;9.67;CFSRE;Cannabinoids;9.46;9.28;9.44;9.32;9.39;9.38;0.08;-0.29;Train;± 0.5 min
5F-EDMB-PINACA;VDEACSPMBSUVRD-UHFFFAOYSA-N;FCCCCCN1N=C(C2=CC=CC=C12)C(=O)NC(C(=O)OCC)C(C)(C)C;9.92;CFSRE;Cannabinoids;9.28;9.17;9.36;9.21;9.15;9.23;0.09;-0.69;Validation;-1 to -0.5 min
5F-EMB-PICA;WPRKGJGOLPGBMG-UHFFFAOYSA-N;FCCCCCN1C=C(C2=CC=CC=C12)C(=O)NC(C(=O)OCC)C(C)C;9.29;CFSRE;Cannabinoids;9.30;9.10;9.35;9.21;9.18;9.23;0.10;-0.06;Train;± 0.5 min
5F-MDMB-PICA;CHSUEEBESACQDV-GOSISDBHSA-N;CC(C)(C)[C@H](NC(C1=CN(CCCCCF)C2=C1C=CC=C2)=O)C(OC)=O;9.28;CFSRE;Cannabinoids;9.31;9.12;9.37;9.24;9.20;9.25;0.10;-0.03;Train;± 0.5 min
5F-MDMB-PICA 3,3-Dimethylbutanoic Acid;VZDMQSRBNZTURL-QGZVFWFLSA-N;FCCCCCN1C=C(C2=CC=CC=C12)C(=O)N[C@H](C(=O)O)C(C)(C)C;8.74;CFSRE;Cannabinoids;9.06;8.94;9.34;9.01;9.03;9.07;0.16;0.33;Train;± 0.5 min
5F-MN-18;XBSWUIWDRFCAGZ-UHFFFAOYSA-N;O=C(C1=NN(CCCCCF)C2=C1C=CC=C2)NC3=C4C=CC=CC4=CC=C3;9.99;CFSRE;Cannabinoids;9.44;9.43;9.70;9.61;9.50;9.54;0.12;-0.45;Optimization;± 0.5 min
5F-MPP-PICA;GZGBNOYVLYYYCZ-UHFFFAOYSA-N;O=C(OC)C(NC(C1=CN(CCCCCF)C2=C1C=CC=C2)=O)CC3=CC=CC=C3;8.99;CFSRE;Cannabinoids;9.49;9.56;9.79;9.73;9.66;9.65;0.12;0.66;Test;0.5 to 1 min
5F-NNEI;DJKVOBZLMBHFKX-UHFFFAOYSA-N;O=C(C1=CN(CCCCCF)C2=C1C=CC=C2)NC3=C4C=CC=CC4=CC=C3;9.27;CFSRE;Cannabinoids;9.66;9.55;9.67;9.52;9.36;9.55;0.13;0.28;Train;± 0.5 min
5F-NPB-22;DZNDVBLSHUYZLI-UHFFFAOYSA-N;O=C(C1=NN(CCCCCF)C2=C1C=CC=C2)OC3=C4N=CC=CC4=CC=C3;9.17;CFSRE;Cannabinoids;9.41;9.41;9.43;9.56;9.44;9.45;0.06;0.28;Train;± 0.5 min
5F-NPB-22 3-Carboxyindazole;KETGGOUVOCNXPO-UHFFFAOYSA-N;O=C(O)c1nn(CCCCCF)c2ccccc12;7.4;CFSRE;Cannabinoids;7.31;7.39;7.04;7.65;7.49;7.38;0.23;-0.02;Test;± 0.5 min
5F-PB-22;MBOCMBFDYVSGLJ-UHFFFAOYSA-N;O=C(C1=CN(CCCCCF)C2=C1C=CC=C2)OC3=C4N=CC=CC4=CC=C3;9.41;CFSRE;Cannabinoids;9.79;9.60;9.81;9.78;9.69;9.73;0.09;0.32;Train;± 0.5 min
5F-PB-22 3-Carboxyindole;DYLIZXRQZRUDLA-UHFFFAOYSA-N;O=C(C1=CN(CCCCCF)C2=C1C=CC=C2)O;7.89;CFSRE;Cannabinoids;7.74;7.92;8.06;8.03;7.94;7.94;0.12;0.05;Train;± 0.5 min
5F-PCN;BRRZRRZUERBDQL-UHFFFAOYSA-N;O=C(C1=CN(CCCCCF)C2=C1C=NC=C2)NC3=C4C=CC=CC4=CC=C3;6.8;CFSRE;Cannabinoids;8.46;8.05;8.01;8.29;8.30;8.22;0.19;1.42;Train;1 to 2 min
5F-PY-PINACA;GSCLIRQNUBFUJA-UHFFFAOYSA-N;FCCCCCN1N=C(C(=O)N2CCCC2)C2=CC=CC=C12;8.66;CFSRE;Cannabinoids;7.76;7.92;7.67;7.92;8.03;7.86;0.14;-0.80;Validation;-1 to -0.5 min
5F-SDB-005;FNMFGMMHNFDPNT-UHFFFAOYSA-N;O=C(Oc1cccc2ccccc12)c1nn(CCCCCF)c2ccccc12;10.12;CFSRE;Cannabinoids;10.02;9.80;10.11;10.08;9.93;9.99;0.12;-0.13;Train;± 0.5 min
5F-SDB-006;VFLXAWVAWXHMFB-UHFFFAOYSA-N;FCCCCCN1C=C(C(NCC2=CC=CC=C2)=O)C3=C1C=CC=C3;8.84;CFSRE;Cannabinoids;9.00;9.10;9.36;9.23;9.15;9.17;0.14;0.33;Validation;± 0.5 min
5F-THJ;GMRIDDSOZRLMAN-UHFFFAOYSA-N;O=C(NC1=C(N=CC=C2)C2=CC=C1)C3=NN(CCCCCF)C4=C3C=CC=C4;10.4;CFSRE;Cannabinoids;8.63;8.63;8.83;8.89;8.70;8.74;0.12;-1.66;Optimization;-2 to -1 min
6-Methoxy Methylone;SONSUHOOEIVPFR-UHFFFAOYSA-N;CC(NC)C(C1=C(OC)C=C(OCO2)C2=C1)=O;4.23;CFSRE;Cathinones;4.03;3.81;3.82;3.71;3.24;3.72;0.29;-0.51;Validation;-1 to -0.5 min
7-Aminoclonazepam;HEFRPWRJTGLSSV-UHFFFAOYSA-N;C1C(=O)NC2=C(C=C(C=C2)N)C(=N1)C3=CC=CC=C3Cl;4.74;CFSRE;Benzodiazepines;6.50;6.47;6.33;6.48;6.47;6.45;0.07;1.71;Train;1 to 2 min
7-Aminoflunitrazepam;LTCDLGUFORGHGY-UHFFFAOYSA-N;NC=1C=CC2=C(C(=NCC(N2C)=O)C2=C(C=CC=C2)F)C1;5.3;CFSRE;Benzodiazepines;6.90;6.90;6.76;6.79;6.51;6.77;0.16;1.47;Optimization;1 to 2 min
7-Hydroxymitragynine;RYENLSMHLCNXJT-CYXFISRXSA-N;O=C(OC)/C([C@@H](C[C@]12[H])[C@H](CC)CN1CC[C@@]3(O)C2=NC4=C3C(OC)=CC=C4)=C/OC;5.29;CFSRE;Plants & extracts;6.00;5.99;5.68;6.19;5.67;5.91;0.22;0.62;Test;0.5 to 1 min
A-796,260;ZCFHOMLAFTWDFM-UHFFFAOYSA-N;O=C(C1=CN(CCN2CCOCC2)C3=C1C=CC=C3)C4C(C)(C)C4(C)C;7.82;CFSRE;Cannabinoids;7.80;7.51;7.92;7.57;7.83;7.72;0.18;-0.10;Train;± 0.5 min
A-834,735;NQTMRZNYLIGQCF-UHFFFAOYSA-N;CC1(C)C(C(=O)C2=CN(CC3CCOCC3)C3=CC=CC=C23)C1(C)C;9.61;CFSRE;Cannabinoids;9.21;9.20;9.28;9.31;9.25;9.25;0.05;-0.36;Train;± 0.5 min
A-836339;JKGIMVBQKSRTGX-UHFFFAOYSA-N;O=C(C1C(C)(C)C1(C)C)/N=C2SC(C)=C(C)N\2CCOC;8.52;CFSRE;Cannabinoids;8.09;8.01;8.19;8.44;8.37;8.22;0.18;-0.30;Train;± 0.5 min
AB-001;SHWDYCMMUPPWQM-UHFFFAOYSA-N;O=C(C1=CN(CCCCC)C2=C1C=CC=C2)C34CC5CC(C4)CC(C5)C3;11.18;CFSRE;Cannabinoids;10.16;9.92;10.31;10.13;10.01;10.10;0.15;-1.08;Train;-2 to -1 min
AB-005;MOBWRRIAIHYXLB-UHFFFAOYSA-N;O=C(C1=CN(CC2N(C)CCCC2)C3=C1C=CC=C3)C4C(C)(C)C4(C)C;7.76;CFSRE;Cannabinoids;8.24;7.19;6.51;7.35;7.56;7.37;0.63;-0.39;Test;± 0.5 min
AB-BICA;KWZMKPNXFPNTEJ-UHFFFAOYSA-N;O=C(C1=CN(CC2=CC=CC=C2)C3=C1C=CC=C3)N[C@@H](C(C)C)C(N)=O;8.09;CFSRE;Cannabinoids;8.51;8.71;8.69;8.67;8.69;8.65;0.08;0.56;Test;0.5 to 1 min
AB-CHFUPYCA;NDYOOVJIZQTGHY-UHFFFAOYSA-N;CC(C)[C@@H](C(N)=O)NC(C1=CC(C2=CC=C(F)C=C2)=NN1CC3CCCCC3)=O;9.56;CFSRE;Cannabinoids;9.02;9.03;8.91;8.98;8.98;8.98;0.05;-0.58;Test;-1 to -0.5 min
AB-CHMICA;BLLKAWANSRRHLA-UHFFFAOYSA-N;O=C(C1=CN(CC2CCCCC2)C3=C1C=CC=C3)N[C@@H](C(C)C)C(N)=O;9.18;CFSRE;Cannabinoids;9.08;9.17;9.23;9.04;9.05;9.11;0.08;-0.07;Train;± 0.5 min
AB-CHMINACA;KJNZIEGLNLCWTQ-KRWDZBQOSA-N;O=C(C1=NN(CC2CCCCC2)C3=C1C=CC=C3)N[C@@H](C(C)C)C(N)=O;9.39;CFSRE;Cannabinoids;8.79;9.06;9.26;8.85;9.08;9.01;0.19;-0.38;Train;± 0.5 min
AB-CHMINACA 2'-Indazole Isomer;TVVJYCKLTAMJFO-KRWDZBQOSA-N;O=C(N[C@H](C(N)=O)C(C)C)C1=C2C(C=CC=C2)=NN1CC3CCCCC3;8.58;CFSRE;Cannabinoids;8.62;8.86;9.11;8.73;8.88;8.84;0.19;0.26;Validation;± 0.5 min
AB-FUBICA;KTVPQJSKKGZIEA-UHFFFAOYSA-N;O=C(N[C@H](C(N)=O)C(C)C)C1=CN(CC2=CC=C(F)C=C2)C3=CC=CC=C31;8.16;CFSRE;Cannabinoids;8.72;8.91;8.89;8.80;8.87;8.84;0.08;0.68;Validation;0.5 to 1 min
AB-FUBINACA;AKOOIMKXADOPDA-UHFFFAOYSA-N;O=C(C1=NN(CC2=CC=C(F)C=C2)C3=C1C=CC=C3)NC(C(C)C)C(N)=O;8.31;CFSRE;Cannabinoids;8.43;8.71;8.86;8.59;8.66;8.65;0.16;0.34;Test;± 0.5 min
AB-FUBINACA Oxobutanoic Acid;NEZYQTIODXEXMK-UHFFFAOYSA-N;O=C(O)C(C)C(NC(C1=NN(CC2=CC=C(F)C=C2)C3=C1C=CC=C3)=O)C(N)=O;7.55;CFSRE;Cannabinoids;7.55;7.30;7.49;7.41;7.47;7.44;0.10;-0.11;Train;± 0.5 min
AB-PINACA;GIMHPAQOAAZSHS-UHFFFAOYSA-N;O=C(C1=NN(CCCCC)C2=C1C=CC=C2)N[C@H](C(N)=O)C(C)C;8.8;CFSRE;Cannabinoids;8.71;9.08;8.61;8.80;8.87;8.81;0.18;0.01;Optimization;± 0.5 min
AB-PINACA N-Pentanoic Acid;QNEBIXFSJOHXCK-UHFFFAOYSA-N;O=C(O)CCCCN1N=C(C(NC(C(N)=O)C(C)C)=O)C2=C1C=CC=C2;6.79;CFSRE;Cannabinoids;6.89;6.81;6.89;6.71;6.73;6.80;0.08;0.01;Train;± 0.5 min
ADB-4en-PINACA;NXDLAZXBALPFSN-UHFFFAOYSA-N;C(N)(=O)C(C(C)(C)C)NC(=O)C1=NN(C2=CC=CC=C12)CCCC=C;8.99;CFSRE;Cannabinoids;8.70;8.99;8.97;8.76;8.94;8.87;0.13;-0.12;Train;± 0.5 min
ADB-5'Br-BINACA;DIOILIVJIIJFPO-UHFFFAOYSA-N;BrC=1C=C2C(=NN(C2=CC1)CCCC)C(=O)NC(C(C)(C)C)C(N)=O;9.7;CFSRE;Cannabinoids;9.26;9.62;9.69;9.53;9.73;9.57;0.19;-0.13;Train;± 0.5 min
ADB-5Br-INACA;AJGASUCDTSLMNP-UHFFFAOYSA-N;NC(C(C(C)(C)C)NC(=O)C1=NNC2=CC=C(C=C12)Br)=O;7.71;CFSRE;Cannabinoids;7.69;7.38;7.07;7.87;7.80;7.56;0.33;-0.15;Validation;± 0.5 min
ADB-BICA;OGVITAUBEIIKNT-UHFFFAOYSA-N;CC(C)(C)C(NC(C1=CN(CC2=CC=CC=C2)C3=C1C=CC=C3)=O)C(N)=O;8.54;CFSRE;Cannabinoids;8.68;8.72;8.59;8.75;8.62;8.67;0.07;0.13;Train;± 0.5 min
ADB-BINACA;IUFIUAWRCUVUCQ-UHFFFAOYSA-N;O=C(C1=NN(CC2=CC=CC=C2)C3=C1C=CC=C3)NC(C(C)(C)C)C(N)=O;8.71;CFSRE;Cannabinoids;8.41;8.59;8.58;8.58;8.61;8.56;0.08;-0.15;Train;± 0.5 min
ADB-BUTINACA;GPWADXHYJAZPAX-UHFFFAOYSA-N;NC(C(C(C)(C)C)NC(=O)C1=NN(C2=CC=CC=C12)CCCC)=O;8.89;CFSRE;Cannabinoids;8.62;8.95;8.55;8.72;8.79;8.73;0.15;-0.16;Optimization;± 0.5 min
ADB-FUBIATA;KHAUCCNSUMBFOT-UHFFFAOYSA-N;FC1=CC=C(C=C1)CN1C=C(C2=CC=CC=C12)CC(=O)NC(C(=O)N)C(C)(C)C;8.66;CFSRE;Cannabinoids;8.65;8.61;8.71;8.59;8.66;8.64;0.05;-0.02;Train;± 0.5 min
ADB-FUBICA;QIFOZYUACLDTAJ-UHFFFAOYSA-N;O=C(C1=CN(CC2=CC=C(F)C=C2)C3=C1C=CC=C3)NC(C(C)(C)C)C(N)=O;8.64;CFSRE;Cannabinoids;8.92;8.93;8.81;8.91;8.86;8.89;0.05;0.25;Validation;± 0.5 min
ADB-FUBINACA;ZSSGCSINPVBLQD-UHFFFAOYSA-N;O=C(NC(C(N)=O)C(C)(C)C)C1=NN(CC2=CC=C(F)C=C2)C3=C1C=CC=C3;8.65;CFSRE;Cannabinoids;8.58;8.78;8.75;8.71;8.78;8.72;0.08;0.07;Train;± 0.5 min
ADB-FUPYCA;CMXMZASHZSECQV-UHFFFAOYSA-N;CC(C)(C)C(NC(=O)c1cc(-c2ccc(F)cc2)nn1CCCCCF)C(N)=O;9.1;CFSRE;Cannabinoids;8.67;8.58;8.81;8.67;8.54;8.66;0.10;-0.44;Optimization;± 0.5 min
ADB-HEXINACA;PZMLDAGKYPJWHJ-UHFFFAOYSA-N;C(N)(=O)C(C(C)(C)C)NC(=O)C1=NN(C2=CC=CC=C12)CCCCCC;9.78;CFSRE;Cannabinoids;9.41;9.73;9.75;9.32;9.70;9.58;0.20;-0.20;Train;± 0.5 min
ADB-INACA;UFECWXZSRFBSHC-UHFFFAOYSA-N;NC(C(C(C)(C)C)NC(=O)C1=NNC2=CC=CC=C12)=O;6.45;CFSRE;Cannabinoids;6.64;6.56;6.45;6.98;7.19;6.76;0.31;0.31;Optimization;± 0.5 min
ADB-PHETINACA;GIUNLIQZFMBOGJ-UHFFFAOYSA-N;C(N)(=O)C(C(C)(C)C)NC(=O)C1=NN(C2=CC=CC=C12)CCC1=CC=CC=C1;4.51;CFSRE;Cannabinoids;8.46;8.56;8.34;8.58;8.30;8.45;0.13;3.94;Train;> 2 min
ADB-PINACA;FWTARAXQGJRQKN-UHFFFAOYSA-N;O=C(C1=NN(CCCCC)C2=C1C=CC=C2)NC(C(C)(C)C)C(N)=O;9.26;CFSRE;Cannabinoids;9.06;9.52;9.34;9.10;9.37;9.28;0.19;0.02;Test;± 0.5 min
ADB-PINACA N-Pentanoic Acid;IVHZMDPVHMCCKJ-UHFFFAOYSA-N;CC(C)(C)C(NC(=O)c1nn(CCCCC(=O)O)c2ccccc12)C(N)=O;7.31;CFSRE;Cannabinoids;7.06;7.08;7.19;6.92;7.08;7.07;0.10;-0.24;Train;± 0.5 min
ADBICA;IXUYMXAKKYWKRG-UHFFFAOYSA-N;O=C(C1=CN(CCCCC)C2=C1C=CC=C2)NC(C(C)(C)C)C(N)=O;9.05;CFSRE;Cannabinoids;9.36;9.55;9.74;9.32;9.62;9.52;0.18;0.47;Optimization;± 0.5 min
ADBICA N-Pentanoic Acid;YFFKBKQHLMKTJY-UHFFFAOYSA-N;O=C(O)CCCCN1C=C(C(NC(C(C)(C)C)C(N)=O)=O)C2=C1C=CC=C2;7.23;CFSRE;Cannabinoids;7.50;7.70;7.40;7.62;7.83;7.61;0.17;0.38;Train;± 0.5 min
AH-7921;JMZROFPPEXCTST-UHFFFAOYSA-N;O=C(NCC1(N(C)C)CCCCC1)C2=CC=C(Cl)C(Cl)=C2;6.45;CFSRE;Opioids;6.20;6.16;6.39;6.38;6.43;6.31;0.12;-0.14;Train;± 0.5 min
AKB-48;UCTCCIPCJZKWEZ-UHFFFAOYSA-N;O=C(C1=NN(CCCCC)C2=C1C=CC=C2)NC34CC5CC(C4)CC(C5)C3;11.3;CFSRE;Cannabinoids;9.50;9.63;10.09;9.99;9.89;9.82;0.25;-1.48;Train;-2 to -1 min
AKB-48 N-Pentanoic Acid;CMCIJYXHEYJYQU-RXSOCDCMSA-N;O=C(O)CCCCn1nc(C(=O)NC23CC4CC(CC(C4)C2)C3)c2ccccc21;9.74;CFSRE;Cannabinoids;8.91;8.95;9.47;9.26;8.95;9.11;0.25;-0.63;Train;-1 to -0.5 min
AL-LAD;JCQLEPDZFXGHHQ-OXQOHEQNSA-N;[H][C@@]1(CN(CC=C)[C@]2([H])CC3=CNC4=CC=CC(=C34)C2=C1)C(=O)N(CC)CC;6;CFSRE;Indolalkylamines;6.06;6.11;6.01;5.92;5.97;6.01;0.08;0.01;Train;± 0.5 min
ALD-52;FJOWXGYLIWJFCH-UHFFFAOYSA-N;O=C([C@H](C=C12)CN(C)[C@]2([H])CC3=CN(C(C)=O)C4=C3C1=CC=C4)N(CC)CC;5.97;CFSRE;Indolalkylamines;6.07;6.10;5.89;5.86;5.84;5.95;0.12;-0.02;Train;± 0.5 min
AM-1220;URKVBEKZCMUTQC-UHFFFAOYSA-N;O=C(C1=CN(C[C@@H]2N(C)CCCC2)C3=C1C=CC=C3)C4=C5C=CC=CC5=CC=C4;7.16;CFSRE;Cannabinoids;9.12;7.69;7.51;8.44;7.49;8.05;0.71;0.89;Optimization;0.5 to 1 min
AM-1235;LNGVQORPSNNMSZ-UHFFFAOYSA-N;FCCCCCN1C=C(C(=O)C2=CC=CC3=CC=CC=C23)C2=C1C=C(C=C2)N(=O)=O;9.97;CFSRE;Cannabinoids;10.03;9.82;9.88;9.73;9.88;9.87;0.11;-0.10;Train;± 0.5 min
AM-1241;ZUHIXXCLLBMBDW-UHFFFAOYSA-N;CN1CCCCC1CN1C=C(C(=O)C2=C(I)C=CC(=C2)N(=O)=O)C2=CC=CC=C12;7.09;CFSRE;Cannabinoids;8.16;7.28;7.08;7.98;7.43;7.59;0.46;0.50;Train;± 0.5 min
AM-1248;JRECAXBHMULNJQ-UHFFFAOYSA-N;O=C(C12CC3CC(C2)CC(C3)C1)C4=CN(CC5N(C)CCCC5)C6=C4C=CC=C6;8.13;CFSRE;Cannabinoids;9.15;7.63;7.14;8.26;7.34;7.90;0.81;-0.23;Validation;± 0.5 min
AM-2201;ALQFAGFPQCBPED-UHFFFAOYSA-N;O=C(C1=CN(CCCCCF)C2=C1C=CC=C2)C3=C4C=CC=CC4=CC=C3;9.62;CFSRE;Cannabinoids;9.97;9.74;10.07;9.90;9.82;9.90;0.13;0.28;Train;± 0.5 min
AM-2201 8-Quinolinyl Carboxamide;FIWJUBZDMCCWRU-UHFFFAOYSA-N;O=C(C1=CN(CCCCCF)C2=C1C=CC=C2)NC3=C4N=CC=CC4=CC=C3;10.16;CFSRE;Cannabinoids;8.95;8.88;8.85;8.98;8.85;8.90;0.06;-1.26;Optimization;-2 to -1 min
AM-2201 Benzimidazole Analogue;KUESSZMROAFKQJ-UHFFFAOYSA-N;O=C(C1=NC2=CC=CC=C2N1CCCCCF)C3=C4C=CC=CC4=CC=C3;9.8;CFSRE;Cannabinoids;9.65;9.60;9.99;9.83;9.72;9.76;0.16;-0.04;Train;± 0.5 min
AM-2232;VWVAIBKHFCUSMD-UHFFFAOYSA-N;N#CCCCCN1C=C(C(C2=C3C=CC=CC3=CC=C2)=O)C4=C1C=CC=C4;8.92;CFSRE;Cannabinoids;9.47;9.45;9.62;9.45;9.44;9.49;0.07;0.57;Train;0.5 to 1 min
AM-2233;KSLCYQTUSSEGPT-UHFFFAOYSA-N;O=C(C1=CC=CC=C1I)C2=CN(CC3N(C)CCCC3)C4=C2C=CC=C4;6.73;CFSRE;Cannabinoids;7.77;7.11;6.77;7.35;7.51;7.30;0.38;0.57;Train;0.5 to 1 min
AM-3102;IPVYNYWIRWMRHH-JPMGXVIASA-N;OC[C@@H](C)NC(CCCCCCC/C=C\CCCCCCCC)=O;11.42;CFSRE;Cannabinoids;10.49;10.12;11.07;11.20;10.53;10.68;0.45;-0.74;Train;-1 to -0.5 min
AM-630;JHOTYHDSLIUKCJ-UHFFFAOYSA-N;O=C(C1=C(C)N(CCN2CCOCC2)C3=C1C=CC(I)=C3)C4=CC=C(OC)C=C4;8.41;CFSRE;Cannabinoids;8.31;7.98;8.48;7.99;8.22;8.20;0.22;-0.21;Train;± 0.5 min
AM-679;GAJBHYUAJOTAEW-UHFFFAOYSA-N;O=C(C1=CC=CC=C1I)C2=CN(CCCCC)C3=C2C=CC=C3;9.96;CFSRE;Cannabinoids;10.85;10.42;10.81;9.87;10.24;10.44;0.41;0.48;Train;± 0.5 min
AM-694;LFFIIZFINPPEMC-UHFFFAOYSA-N;O=C(C1=CN(CCCCCF)C2=C1C=CC=C2)C3=CC=CC=C3I;9.23;CFSRE;Cannabinoids;10.39;10.09;10.53;9.91;10.05;10.19;0.26;0.96;Test;0.5 to 1 min
AMB;KTTMFFHXDMTTOB-UHFFFAOYSA-N;CC(C)[C@@H](C(OC)=O)NC(C1=NN(CCCCC)C2=C1C=CC=C2)=O;10.02;CFSRE;Cannabinoids;9.39;10.10;9.84;9.59;9.99;9.78;0.29;-0.24;Test;± 0.5 min
AMT;QSQQQURBVYWZKJ-UHFFFAOYSA-N;CC(N)CC1=CNC2=C1C=CC=C2;4.21;CFSRE;Indolalkylamines;3.71;3.88;3.98;3.85;3.68;3.82;0.12;-0.39;Optimization;± 0.5 min
AP-237;ZQBMUHABRSEAIK-UXBLZVDNSA-N;CCCC(=O)N1CCN(CC1)C/C=C/C2=CC=CC=C2;5.36;CFSRE;Opioids;5.14;5.29;5.48;5.31;5.34;5.31;0.12;-0.05;Train;± 0.5 min
AP-238;JELNWDOXWGBBLO-UHFFFAOYSA-N;C(C=CC1=CC=CC=C1)N1CC(N(C(C1)C)C(CC)=O)C;5.538;CFSRE;Opioids;5.36;5.43;5.59;5.46;5.55;5.48;0.09;-0.06;Train;± 0.5 min
APICA;MDJYHWLDDJBTMX-UHFFFAOYSA-N;O=C(C1=CN(CCCCC)C2=C1C=CC=C2)NC34CC5CC(C4)CC(C5)C3;10.83;CFSRE;Cannabinoids;9.48;9.61;9.88;9.69;9.65;9.66;0.15;-1.17;Validation;-2 to -1 min
APINAC;KCCVWUAAHDXNNQ-UHFFFAOYSA-N;O=C(C1=NN(CCCCC)C2=C1C=CC=C2)OC34CC5CC(C4)CC(C5)C3;11.53;CFSRE;Cannabinoids;10.06;9.86;10.16;10.08;10.04;10.04;0.11;-1.49;Train;-2 to -1 min
APP-BINACA;OYARCJMQMAFMTG-UHFFFAOYSA-N;NC(C(CC1=CC=CC=C1)NC(=O)C1=NN(C2=CC=CC=C12)CCCC)=O;8.75;CFSRE;Cannabinoids;8.41;8.59;8.58;8.58;8.60;8.55;0.08;-0.20;Train;± 0.5 min
APP-CHMINACA;DMHWDSGURMXMGE-UHFFFAOYSA-N;O=C(C1=NN(CC2CCCCC2)C3=C1C=CC=C3)N[C@@H](CC4=CC=CC=C4)C(N)=O;9.53;CFSRE;Cannabinoids;8.79;8.74;9.11;8.72;8.95;8.86;0.17;-0.67;Validation;-1 to -0.5 min
APP-FUBINACA;TZXBEYFALIFOAG-UHFFFAOYSA-N;O=C(C1=NN(CC2=CC=C(F)C=C2)C3=C1C=CC=C3)NC(CC4=CC=CC=C4)C(N)=O;8.68;CFSRE;Cannabinoids;8.61;8.44;8.77;8.44;8.56;8.56;0.14;-0.12;Train;± 0.5 min
APP-PICA;JMCYJVVVJOZORS-UHFFFAOYSA-N;O=C(C1=CN(CCCCC)C2=C1C=CC=C2)N[C@@H](CC3=CC=CC=C3)C(N)=O;9.05;CFSRE;Cannabinoids;9.04;9.01;9.09;8.95;9.10;9.04;0.06;-0.01;Optimization;± 0.5 min
ATHPINACA;WFDRVDUEMGJILX-UHFFFAOYSA-N;O=C(C1=NN(CC2CCOCC2)C3=C1C=CC=C3)NC45CC6CC(C5)CC(C6)C4;10.3;CFSRE;Cannabinoids;8.76;8.83;9.18;8.87;8.77;8.88;0.17;-1.42;Train;-2 to -1 min
Acetyl Fentanyl;FYIUUQUPOKIKNI-UHFFFAOYSA-N;CC(N(C1CCN(CCC2=CC=CC=C2)CC1)C3=CC=CC=C3)=O;5.69;CFSRE;Opioids;5.50;5.64;5.73;5.65;5.65;5.64;0.08;-0.05;Train;± 0.5 min
Acetyl Fentanyl 4-Methylphenethyl Analog;BBMRIHXVAUNKEV-UHFFFAOYSA-N;CC(N(C1CCN(CCC2=CC=C(C)C=C2)CC1)C3=CC=CC=C3)=O;6.3;CFSRE;Opioids;5.98;6.09;6.18;6.16;6.06;6.09;0.08;-0.21;Train;± 0.5 min
Acetylcodeine;MFXFQKMUCYHPFQ-BKRJIHRRSA-N;[H][C@@]12OC3=C(OC)C=CC4=C3[C@]11CCN(C)[C@]([H])(C4)[C@]1([H])C=C[C@]2([H])OC(C)=O;5.14;CFSRE;Opioids;4.80;4.68;5.14;4.55;4.41;4.72;0.28;-0.42;Train;± 0.5 min
Acrylfentantyl;RFQNLMWUIJJEQF-UHFFFAOYSA-N;C=CC(N(C1=CC=CC=C1)C2CCN(CCC3=CC=CC=C3)CC2)=O;6.17;CFSRE;Opioids;6.09;6.25;6.34;6.35;6.20;6.25;0.11;0.08;Train;± 0.5 min
Adamantyl-CHMINACA;ACFKPINHOINOFB-UHFFFAOYSA-N;C12(CC3CC(CC(C1)C3)C2)NC(=O)C2=NN(C3=CC=CC=C23)CC2CCCCC2;11.89;CFSRE;Cannabinoids;9.64;9.75;10.24;9.83;9.90;9.87;0.23;-2.02;Test;< -2min
Adinazolam;GJSLOMWRLALDCT-UHFFFAOYSA-N;CN(C)CC1=NN=C2N1C3=CC=C(Cl)C=C3C(C4=CC=CC=C4)=NC2;6.2;CFSRE;Benzodiazepines;6.09;5.90;6.40;6.04;6.15;6.12;0.18;-0.08;Train;± 0.5 min
Alfentanil;IDBPHNDTYPBSNI-UHFFFAOYSA-N;CCC(N(C1(COC)CCN(CCN2N=NN(CC)C2=O)CC1)C3=CC=CC=C3)=O;6.23;CFSRE;Opioids;6.13;6.24;6.08;6.44;5.98;6.18;0.18;-0.05;Train;± 0.5 min
Alpha-Hydroxyalprazolam;ZURUZYHEEMDQBU-UHFFFAOYSA-N;OCC1=NN=C2CN=C(C3=CC=CC=C3)C3=C(C=CC(Cl)=C3)N12;7.11;CFSRE;Benzodiazepines;7.15;7.03;7.24;7.10;7.10;7.12;0.08;0.01;Train;± 0.5 min
Alpha-PBP;GSESDIFGJCCBHN-UHFFFAOYSA-N;C1(=CC=CC=C1)C(C(CC)N1CCCC1)=O;4.33;CFSRE;Cathinones;4.58;4.65;4.80;4.91;4.49;4.69;0.17;0.36;Test;± 0.5 min
Alpha-PHP;KYIJLDDXQWBNGX-UHFFFAOYSA-N;C1(=CC=CC=C1)C(C(CCCC)N1CCCC1)=O;5.88;CFSRE;Cathinones;5.76;5.80;5.88;6.00;5.60;5.81;0.15;-0.07;Train;± 0.5 min
Alpha-PHPP;DLRWKNLMJAIFQB-UHFFFAOYSA-N;C1(=CC=CC=C1)C(C(CCCCC)N1CCCC1)=O;6.5;CFSRE;Cathinones;6.32;6.44;6.48;6.62;6.26;6.43;0.14;-0.07;Validation;± 0.5 min
Alpha-PPP;KPUJAQRFIJAORQ-UHFFFAOYSA-N;C1(=CC=CC=C1)C(C(C)N1CCCC1)=O;3.82;CFSRE;Cathinones;3.80;3.77;3.91;4.04;3.69;3.84;0.13;0.02;Train;± 0.5 min
Alpha-PVP;YDIIDRWHPFMLGR-UHFFFAOYSA-N;CCCC(N1CCCC1)C(C2=CC=CC=C2)=O;5.1;CFSRE;Cathinones;5.15;5.13;5.27;5.40;5.02;5.19;0.15;0.09;Train;± 0.5 min
Alpha-PVT;OOSRPGUQJAKBLV-UHFFFAOYSA-N;CCCC(N1CCCC1)C(C2=CC=CS2)=O;4.59;CFSRE;Cathinones;5.23;5.21;5.35;5.38;5.02;5.24;0.14;0.65;Test;0.5 to 1 min
Alprazolam;VREFGVBLTWBCJP-UHFFFAOYSA-N;ClC1=CC2=C(C=C1)N3C(C)=NN=C3CN=C2C4=CC=CC=C4;7.45;CFSRE;Benzodiazepines;7.40;7.29;7.52;7.49;7.38;7.42;0.09;-0.03;Optimization;± 0.5 min
Amphetamine;KWTSXDURSIMDCE-UHFFFAOYSA-N;NC(CC1=CC=CC=C1)C;3.56;CFSRE;Phenethylamines;3.42;3.53;3.62;3.65;3.48;3.54;0.10;-0.02;Train;± 0.5 min
Atropine;RKUNBYITZUJHSG-SPUOUPEWSA-N;[H][C@@](CO)(C(=O)O[C@]1([H])C[C@]2([H])CC[C@]([H])(C1)N2C)C1=CC=CC=C1;4.45;CFSRE;Unknown;4.40;4.22;4.53;4.40;4.31;4.37;0.12;-0.08;Train;± 0.5 min
BB-22;RHYGTJXOHOGQGI-UHFFFAOYSA-N;O=C(C1=CN(CC2CCCCC2)C3=C1C=CC=C3)OC4=C5N=CC=CC5=CC=C4;10.32;CFSRE;Cannabinoids;10.22;10.07;10.57;10.09;10.26;10.24;0.20;-0.08;Test;± 0.5 min
BB-22 3-Carboxyindole;DKZXRWRMQWNXFR-UHFFFAOYSA-N;O=C(C1=CN(CC2CCCCC2)C3=C1C=CC=C3)O;9.33;CFSRE;Cannabinoids;8.79;9.00;9.56;9.01;9.19;9.11;0.29;-0.22;Validation;± 0.5 min
BDB;VHMRXGAIDDCGDU-UHFFFAOYSA-N;CCC(N)CC1=CC=C(OCO2)C2=C1;4.51;CFSRE;Phenethylamines;5.26;5.62;5.24;5.33;5.06;5.30;0.20;0.79;Test;0.5 to 1 min
BZO-4en-POXIZID;DIVZUDBOOCSMQO-UZYVYHOESA-N;O=C\1N(C2=CC=CC=C2/C1=N/NC(C1=CC=CC=C1)=O)CCCC=C;9.79;CFSRE;Cannabinoids;9.41;9.73;9.73;9.29;9.72;9.57;0.21;-0.22;Train;± 0.5 min
BZO-CHMOXIZID;HTPDZRIIOLCPPS-ATJXCDBQSA-N;C1(CCCCC1)CN1C(\C(\C2=CC=CC=C12)=N/NC(C1=CC=CC=C1)=O)=O;10.61;CFSRE;Cannabinoids;9.60;9.67;9.50;9.45;9.61;9.57;0.09;-1.04;Train;-2 to -1 min
BZO-HEXOXIZID;ZGQHMZCITJHYOW-QOCHGBHMSA-N;C(CCCCC)N1C(\C(\C2=CC=CC=C12)=N/NC(C1=CC=CC=C1)=O)=O;10.56;CFSRE;Cannabinoids;9.99;10.17;10.03;9.83;9.92;9.99;0.13;-0.57;Optimization;-1 to -0.5 min
BZO-POXIZID;PCHOEXVGYICASA-UZYVYHOESA-N;C(CCCC)N1C(C(C2=CC=CC=C12)=NNC(C1=CC=CC=C1)=O)=O;10.2;CFSRE;Cannabinoids;9.72;10.04;10.05;9.60;9.99;9.88;0.21;-0.32;Optimization;± 0.5 min
BZP;IQXXEPZFOOTTBA-UHFFFAOYSA-N;C(C1=CC=CC=C1)N1CCNCC1;1.46;CFSRE;Piperazine derivates;2.69;3.77;3.71;3.15;2.58;3.18;0.55;1.72;Test;1 to 2 min
Benzatropine;GIJXKZJWITVLHI-PMOLBWCYSA-N;[H][C@]12CC[C@]([H])(C[C@@]([H])(C1)OC(C1=CC=CC=C1)C1=CC=CC=C1)N2C;7.21;CFSRE;Unknown;7.08;6.36;7.19;6.81;6.67;6.82;0.33;-0.39;Train;± 0.5 min
Benzodioxole Fentanyl;ZFAAZMIOHJNKGD-UHFFFAOYSA-N;O=C(C1=CC=C(OCO2)C2=C1)N(C3=CC=CC=C3)C4CCN(CCC5=CC=CC=C5)CC4;6.8;CFSRE;Opioids;6.96;6.61;6.86;6.85;6.78;6.81;0.13;0.01;Train;± 0.5 min
Benzoylecgonine;GVGYEFKIHJTNQZ-RFQIPJPRSA-N;[H][C@@]12CC[C@@]([H])(N1C)[C@@]([H])(C(O)=O)[C@]([H])(C2)OC(=O)C1=CC=CC=C1;4.49;CFSRE;Unknown;4.87;4.36;4.43;4.69;4.63;4.60;0.20;0.11;Validation;± 0.5 min
Benzyl Carfentanil;QKRGHVDSVANHAD-UHFFFAOYSA-N;O=C(C1(N(C2=CC=CC=C2)C(CC)=O)CCN(CC3=CC=CC=C3)CC1)OC;6.34;CFSRE;Opioids;6.05;6.02;6.20;6.09;6.08;6.09;0.07;-0.25;Optimization;± 0.5 min
Benzyl Fentanyl;POQDXIFVWVZVML-UHFFFAOYSA-N;CCC(N(C1CCN(CC2=CC=CC=C2)CC1)C3=CC=CC=C3)=O;6.02;CFSRE;Opioids;5.84;5.93;6.06;6.00;5.97;5.96;0.08;-0.06;Train;± 0.5 min
Benzylfuranylfentanyl;GDPJXHFICUEJBT-UHFFFAOYSA-N;C1(=CC=CC=C1)N(C(=O)C=1OC=CC1)C1CCN(CC1)CC1=CC=CC=C1;6.16;CFSRE;Opioids;6.09;6.42;6.22;6.26;6.16;6.23;0.12;0.07;Optimization;± 0.5 min
Benzylone;KRNIYOJEASBDDP-UHFFFAOYSA-N;O1COC2=C1C=CC(=C2)C(C(C)NCC2=CC=CC=C2)=O;5.66;CFSRE;Cathinones;5.54;5.31;5.10;5.54;4.92;5.28;0.27;-0.38;Test;± 0.5 min
Bromantane;LWJALJDRFBXHKX-UHFFFAOYSA-N;BrC1=CC=C(C=C1)NC1C2CC3CC(CC1C3)C2;11.06;CFSRE;Unknown;10.68;9.00;10.37;9.03;9.59;9.73;0.77;-1.33;Train;-2 to -1 min
Bromazepam;VMIYHDSEFNYJSL-UHFFFAOYSA-N;O=C1NC2=CC=C(Br)C=C2C(C3=NC=CC=C3)=NC1;6.45;CFSRE;Benzodiazepines;6.31;6.43;6.57;6.57;6.35;6.45;0.12;0.00;Train;± 0.5 min
Bromazolam;KCEIOBKDDQAYCM-UHFFFAOYSA-N;BrC=1C=CC2=C(C(=NCC=3N2C(=NN3)C)C3=CC=CC=C3)C1;7.71;CFSRE;Benzodiazepines;7.51;7.41;7.56;7.46;7.39;7.47;0.07;-0.24;Train;± 0.5 min
Bromo-DragonFLY;GIKPTWKWYXCBEC-UHFFFAOYSA-N;CC(N)CC1=C2C(OC=C2)=C(Br)C3=C1OC=C3;6.5;CFSRE;Phenethylamines;6.42;6.59;6.41;6.53;6.20;6.43;0.15;-0.07;Train;± 0.5 min
Bromofentanyl;UTXQWNZEVFXSIA-UHFFFAOYSA-N;CCC(=O)N(C1CCN(CCC2C=CC=CC=2)CC1)C1C=CC(Br)=CC=1;6.98;CFSRE;Opioids;6.80;6.85;6.93;7.01;6.91;6.90;0.08;-0.08;Train;± 0.5 min
Brorphine;CNOFBGYRMCBVLO-UHFFFAOYSA-N;BrC1=CC=C(C=C1)C(C)N1CCC(CC1)N1C(NC2=C1C=CC=C2)=O;5.259;CFSRE;Opioids;6.40;6.43;6.49;6.54;6.50;6.47;0.06;1.21;Train;1 to 2 min
Bufotenine;VTTONGPRPXSUTJ-UHFFFAOYSA-N;CN(CCC1=CNC2=CC=C(C=C12)O)C;1.94;CFSRE;Indolalkylamines;3.14;3.17;3.35;3.29;2.87;3.16;0.18;1.22;Train;1 to 2 min
Buphedrone;DDPMGIMJSRUULN-UHFFFAOYSA-N;CCC(NC)C(C1=CC=CC=C1)=O;3.95;CFSRE;Cathinones;4.03;4.01;4.06;4.15;3.80;4.01;0.13;0.06;Train;± 0.5 min
Bupivacaine;LEBVLXFERQHONN-UHFFFAOYSA-N;O=C(C1N(CCCC1)CCCC)NC2=C(C)C=CC=C2C;5.86;CFSRE;Unknown;7.02;6.71;7.12;6.81;6.90;6.91;0.16;1.05;Validation;1 to 2 min
Buprenorphine;RMRJXGBAOAMLHD-IHFGGWKQSA-N;C1(CC1)CN1[C@H]2[C@]34[C@@]5(CC1)C=1C(=CC=C(C1O[C@H]5[C@]([C@H](C3)[C@@](C)(C(C)(C)C)O)(CC4)OC)O)C2;6.55;CFSRE;Unknown;6.65;5.86;6.99;5.28;6.19;6.19;0.67;-0.36;Optimization;± 0.5 min
Bupropion;SNPPWIUOZRMYNY-UHFFFAOYSA-N;C(C)(C)(C)NC(C(=O)C1=CC(=CC=C1)Cl)C;5.63;CFSRE;Cathinones;5.52;5.54;5.70;5.70;5.32;5.56;0.16;-0.07;Train;± 0.5 min
Butonitazene;UZZPOLCDCVWLAZ-UHFFFAOYSA-N;C(CCC)OC1=CC=C(C=C1)CC1=NC2=C(N1CCN(CC)CC)C=CC(=C2)[N+](=O)[O-];7.77;CFSRE;Opioids;7.59;7.30;7.61;7.35;7.58;7.49;0.15;-0.28;Train;± 0.5 min
Butorphanol;IFKLAQQSCNILHL-HBMCJLEFSA-N;OC1=CC=C2C[C@]3([H])[C@]4(O)CCCC[C@]4(CCN3CC5CCC5)C2=C1;5.65;CFSRE;Opioids;5.91;5.68;5.78;5.77;5.68;5.76;0.09;0.11;Train;± 0.5 min
Butryl Fentanyl;QQOMYEQLWQJRKK-UHFFFAOYSA-N;C1(=CC=CC=C1)N(C(CCC)=O)C1CCN(CC1)CCC1=CC=CC=C1;6.67;CFSRE;Opioids;6.56;6.67;6.70;6.77;6.66;6.67;0.08;0.00;Validation;± 0.5 min
Butylone;CGKQZIULZRXRRJ-UHFFFAOYSA-N;O1COC2=C1C=CC(=C2)C(C(CC)NC)=O;4.2;CFSRE;Cathinones;4.11;4.09;3.86;4.13;3.60;3.96;0.23;-0.24;Validation;± 0.5 min
CB-13;RSUMDJRTAFBISX-UHFFFAOYSA-N;O=C(C1=C2C=CC=CC2=CC=C1)C3=C4C=CC=CC4=C(OCCCCC)C=C3;11.45;CFSRE;Cannabinoids;10.74;10.42;10.88;10.83;10.45;10.67;0.22;-0.78;Optimization;-1 to -0.5 min
CB-25;XFHZHCKWTBGPFD-UHFFFAOYSA-N;O=C(NC1CC1)CCCCCCCCCCOC2=CC(CCCCC)=CC(O)=C2;10.57;CFSRE;Cannabinoids;10.60;10.38;10.60;10.55;10.57;10.54;0.09;-0.03;Train;± 0.5 min
CB-52;BHJRHOCTESKVMJ-UHFFFAOYSA-N;O=C(NC1CC1)CCCCCCCCCCOC2=CC(O)=CC=C2CCCCCC;10.89;CFSRE;Cannabinoids;11.00;10.76;10.98;10.95;10.97;10.93;0.10;0.04;Train;± 0.5 min
CB-86;PVAOGZXUOOHSMN-UHFFFAOYSA-N;CCCCCCC(C)(C)C1=CC(O)=CC(OCCCCCCCC(O)=NC2CC2)=C1;10.78;CFSRE;Cannabinoids;10.73;10.34;10.67;10.75;10.60;10.62;0.17;-0.16;Train;± 0.5 min
CBL-018;OPGWGURMDQAFPD-UHFFFAOYSA-N;O=C(C1=CN(CCCCC)C2=C1C=CC=C2)OC3=C4C=CC=CC4=CC=C3;10.92;CFSRE;Cannabinoids;10.66;10.39;10.94;11.01;10.60;10.72;0.26;-0.20;Test;± 0.5 min
CH-FUBIATA;GSTACBDFNQHWHP-UHFFFAOYSA-N;C1(CCCCC1)NC(CC1=CN(C2=CC=CC=C12)CC1=CC=C(C=C1)F)=O;9.51;CFSRE;Cannabinoids;9.75;9.89;10.40;10.26;10.11;10.08;0.26;0.57;Test;0.5 to 1 min
CH-PIATA;SYYOOLIGHZEOKJ-UHFFFAOYSA-N;C1(CCCCC1)NC(CC1=CN(C2=CC=CC=C12)CCCCC)=O;10.09;CFSRE;Cannabinoids;9.49;9.49;9.77;9.61;9.46;9.56;0.13;-0.53;Validation;-1 to -0.5 min
CP-55,940;YNZFFALZMRAPHQ-SYYKKAFVSA-N;O[C@H]1C[C@@H](C2=CC=C(C(C)(C)CCCCCC)C=C2O)[C@H](CCCO)CC1;9.85;CFSRE;Cannabinoids;10.06;9.78;9.99;9.83;10.08;9.95;0.14;0.10;Train;± 0.5 min
CUMYL-PICA;RCXFMWJQOYCIQU-UHFFFAOYSA-N;O=C(C1=CN(CCCCC)C2=C1C=CC=C2)NC(C)(C3=CC=CC=C3)C;9.99;CFSRE;Cannabinoids;9.81;9.77;10.27;10.04;9.92;9.96;0.20;-0.03;Train;± 0.5 min
CUMYL-PeGACLONE;AWHWTKXMUJLSRM-UHFFFAOYSA-N;CC(C)(C1=CC=CC=C1)N1C(C2=C(N(C=3C=CC=CC23)CCCCC)C=C1)=O;10.2;CFSRE;Cannabinoids;9.93;9.82;10.09;9.86;9.79;9.90;0.12;-0.30;Train;± 0.5 min
CUMYL-THPINACA;HINCNLQQLQFMRD-UHFFFAOYSA-N;O=C(C1=NN(CC2CCOCC2)C3=C1C=CC=C3)NC(C)(C4=CC=CC=C4)C;9.19;CFSRE;Cannabinoids;9.06;8.89;9.24;8.88;9.02;9.02;0.15;-0.17;Train;± 0.5 min
CUMYL-TsINACA;NZHIGLHQWQLPPC-UHFFFAOYSA-N;CC(C)(C1=CC=CC=C1)NC(=O)C1=NN(C2=CC=CC=C12)S(=O)(=O)C1=CC=C(C=C1)C;10.08;CFSRE;Cannabinoids;9.64;9.62;9.86;9.81;9.78;9.74;0.11;-0.34;Validation;± 0.5 min
Carfentanil;YDSDEBIZUNNPOB-UHFFFAOYSA-N;C1(=CC=CC=C1)CCN1CCC(CC1)(C(=O)OC)N(C(CC)=O)C1=CC=CC=C1;6.54;CFSRE;Opioids;6.34;6.23;6.50;6.43;6.28;6.35;0.11;-0.19;Train;± 0.5 min
Cathinone;PUAQLLVFLMYYJJ-ZETCQYMHSA-N;C[C@H](N)C(C1=CC=CC=C1)=O;2.8;CFSRE;Cathinones;2.83;2.72;2.79;2.93;2.79;2.81;0.07;0.01;Train;± 0.5 min
Cephaeline;DTGZHCFJNDAHEN-OZEXIGSWSA-N;[H][C@]1(C[C@@]2([H])C[C@]3([H])N(CCC4=CC(OC)=C(OC)C=C34)C[C@]2([H])CC)NCCC2=CC(O)=C(OC)C=C12;3.97;CFSRE;Unknown;4.12;3.98;4.02;3.96;4.00;4.02;0.06;0.05;Train;± 0.5 min
Chlorofentanyl;CUGMWAHBYRKBKL-UHFFFAOYSA-N;ClC1=CC=C(C=C1)N(C(CC)=O)C1CCN(CC1)CCC1=CC=CC=C1;6.88;CFSRE;Opioids;6.66;6.74;6.81;6.88;6.77;6.77;0.08;-0.11;Train;± 0.5 min
Clobazam;CXOXHMZGEKVPMT-UHFFFAOYSA-N;ClC1=CC2=C(N(C(CC(N2C2=CC=CC=C2)=O)=O)C)C=C1;7.55;CFSRE;Benzodiazepines;7.07;6.95;7.02;7.18;6.83;7.01;0.13;-0.54;Test;-1 to -0.5 min
Clonazolam;XJRGLCAWBRZUFC-UHFFFAOYSA-N;ClC1=C(C=CC=C1)C1=NCC=2N(C3=C1C=C(C=C3)[N+](=O)[O-])C(=NN2)C;6.94;CFSRE;Benzodiazepines;6.88;6.85;6.92;7.14;6.65;6.89;0.18;-0.05;Train;± 0.5 min
Codeine;OROGSEYTTFOCAN-DNJOTXNNSA-N;CN1CCC23C4C1CC5=C2C(=C(C=C5)OC)OC3C(C=C4)O;3.48;CFSRE;Opioids;3.17;3.41;3.21;3.23;3.25;3.26;0.09;-0.22;Validation;± 0.5 min
Crotonyl Fentanyl;VDYXGPCGBKLRDA-XNWCZRBMSA-N;C/C=C/C(N(C1=CC=CC=C1)C2CCN(CCC3=CC=CC=C3)CC2)=O;6.52;CFSRE;Opioids;6.50;6.66;6.71;6.73;6.64;6.65;0.09;0.13;Optimization;± 0.5 min
Cyclobutylfentanyl;XHRDMQWXMFOAIX-UHFFFAOYSA-N;O=C(C1CCC1)N(C2CCN(CCC3=CC=CC=C3)CC2)C4=CC=CC=C4;6.95;CFSRE;Opioids;6.67;6.81;6.82;6.87;6.78;6.79;0.07;-0.16;Optimization;± 0.5 min
Cyclohexyl Fentanyl;CWLVCTNETVWMMZ-UHFFFAOYSA-N;O=C(C1CCCCC1)N(C2CCN(CCC3=CC=CC=C3)CC2)C4=CC=CC=C4;7.63;CFSRE;Opioids;7.42;7.30;7.44;7.52;7.38;7.41;0.08;-0.22;Validation;± 0.5 min
Cyclopentyl Fentanyl;PEASFKSPITUZGT-UHFFFAOYSA-N;O=C(C1CCCC1)N(C2=CC=CC=C2)C3CCN(CCC4=CC=CC=C4)CC3;7.3;CFSRE;Opioids;7.05;7.15;7.20;7.21;7.12;7.15;0.07;-0.15;Train;± 0.5 min
Cyclopropyl Fentanyl;OIQSKDSKROTEMN-UHFFFAOYSA-N;O=C(C1CC1)N(C2=CC=CC=C2)C3CCN(CCC4=CC=CC=C4)CC3;6.48;CFSRE;Opioids;6.24;6.38;6.42;6.45;6.35;6.37;0.08;-0.11;Train;± 0.5 min
DBZP (Dibenzylpiperazine);YPUGLZQRXQQCSX-UHFFFAOYSA-N;c1ccc(cc1)CN1CCN(CC1)Cc1ccccc1;5.54;CFSRE;Piperazine derivates;6.92;6.20;6.00;6.15;5.52;6.16;0.51;0.62;Validation;0.5 to 1 min
DET;LSSUMOWDTKZHHT-UHFFFAOYSA-N;CCN(CC)CCC1=CNC2=CC=CC=C12;4.7;CFSRE;Indolalkylamines;4.32;4.55;4.62;4.36;4.30;4.43;0.14;-0.27;Test;± 0.5 min
DMA;OBDSVYOSYSKVMX-UHFFFAOYSA-N;CC(N(C)C)CC1=CC=CC=C1;3.94;CFSRE;Phenethylamines;3.81;4.00;4.08;4.03;3.96;3.98;0.10;0.04;Train;± 0.5 min
DMT;DMULVCHRPCFFGV-UHFFFAOYSA-N;N1C=C(C2=CC=CC=C12)CCN(C)C;3.89;CFSRE;Indolalkylamines;3.77;4.02;4.03;3.84;3.78;3.89;0.13;0.00;Train;± 0.5 min
DOB;FXMWUTGUCAKGQL-UHFFFAOYSA-N;CC(N)CC1=CC(OC)=C(Br)C=C1OC;5.66;CFSRE;Phenethylamines;5.72;6.10;5.70;5.88;5.73;5.83;0.17;0.17;Optimization;± 0.5 min
DOC;ACRITBNCBMTINK-UHFFFAOYSA-N;CC(N)CC1=CC(OC)=C(Cl)C=C1OC;5.46;CFSRE;Phenethylamines;5.52;5.92;5.51;5.66;5.47;5.62;0.18;0.16;Train;± 0.5 min
DOM;NTJQREUGJKIARY-UHFFFAOYSA-N;CC(N)CC1=CC(OC)=C(C)C=C1OC;5.48;CFSRE;Phenethylamines;5.31;5.67;5.35;5.44;5.21;5.40;0.17;-0.08;Train;± 0.5 min
Delorazepam;CHIFCDOIPRCHCF-UHFFFAOYSA-N;O=C1NC2=CC=C(Cl)C=C2C(C3=CC=CC=C3Cl)=NC1;7.74;CFSRE;Benzodiazepines;7.75;7.80;7.96;8.00;7.70;7.84;0.13;0.10;Train;± 0.5 min
Desalkylflurazepam;UVCOILFBWYKHHB-UHFFFAOYSA-N;O=C1NC2=CC=C(Cl)C=C2C(C3=CC=CC=C3F)=NC1;7.5;CFSRE;Benzodiazepines;7.43;7.36;7.69;7.71;7.38;7.51;0.17;0.01;Train;± 0.5 min
Desalkylgidazepam;ATCCWKYKHCKDGT-UHFFFAOYSA-N;BrC=1C=CC2=C(C(=NCC(N2)=O)C2=CC=CC=C2)C1;7.9;CFSRE;Benzodiazepines;7.32;7.23;7.55;7.58;7.27;7.39;0.16;-0.51;Train;-1 to -0.5 min
Desalkylquazepam;UAFWJQYZZIJGPD-UHFFFAOYSA-N;ClC=1C=CC2=C(C(=NCC(N2)=S)C2=C(C=CC=C2)F)C1;8.13;CFSRE;Benzodiazepines;8.07;8.03;8.27;8.34;8.08;8.16;0.14;0.03;Train;± 0.5 min
Deschloroetizolam;JIOBORXCOGMHSV-UHFFFAOYSA-N;C(C)C1=CC=2C(=NCC=3N(C2S1)C(=NN3)C)C3=CC=CC=C3;7.62;CFSRE;Benzodiazepines;7.44;7.30;7.52;7.52;7.38;7.43;0.09;-0.19;Train;± 0.5 min
Deschloroketamine;ZAGBSZSITDFFAF-UHFFFAOYSA-N;CNC1(C(CCCC1)=O)C1=CC=CC=C1;4.29;CFSRE;Arylcyclohexylamines;4.34;4.29;4.22;4.22;4.20;4.26;0.06;-0.03;Train;± 0.5 min
Deschloronorketamine;IXDGGSSUYSFGOK-UHFFFAOYSA-N;O=C1C(C2=CC=CC=C2)(N)CCCC1;4.09;CFSRE;Arylcyclohexylamines;4.08;4.08;3.96;4.02;4.00;4.03;0.05;-0.06;Optimization;± 0.5 min
Despropionyl 2'-Fluoro ortho-Fluorofentanyl;UBBYFFKICFYDHU-UHFFFAOYSA-N;FC1=CC=CC=C1NC2CCN(CCC3=CC=CC=C3F)CC2;6.58;CFSRE;Opioids;6.33;6.46;6.79;6.71;6.74;6.61;0.20;0.03;Test;± 0.5 min
Despropionyl 3-Methylfentanyl;JQELYMOBBRDROY-UHFFFAOYSA-N;CC1CN(CCC2=CC=CC=C2)CCC1NC3=CC=CC=C3;6.76;CFSRE;Opioids;6.34;6.50;6.76;6.68;6.68;6.59;0.17;-0.17;Train;± 0.5 min
Despropionyl ortho-Fluorofentanyl;WUNLGTOLOUTCPE-UHFFFAOYSA-N;FC1=CC=CC=C1NC2CCN(CCC3=CC=CC=C3)CC2;6.46;CFSRE;Opioids;6.27;6.41;6.68;6.58;6.67;6.52;0.18;0.06;Test;± 0.5 min
Despropionyl ortho-Methylfentanyl;UQFMMFWGILFTGJ-UHFFFAOYSA-N;CC1=CC=CC=C1NC2CCN(CCC3=CC=CC=C3)CC2;6.72;CFSRE;Opioids;6.40;6.54;6.83;6.76;6.73;6.65;0.18;-0.07;Train;± 0.5 min
Despropionyl para-Fluorobenzylfentanyl;GCHCRHBAGFHFMV-UHFFFAOYSA-N;FC1=CC=C(NC2CCN(CC3=CC=CC=C3)CC2)C=C1;6.11;CFSRE;Opioids;5.73;6.09;6.19;6.12;6.43;6.11;0.25;0.00;Train;± 0.5 min
Dextromethorphan;MKXZASYAUGDDCJ-NJAFHUGGSA-N;[H][C@]12CC3=C(C=C(OC)C=C3)[C@]3(CCCC[C@]13[H])CCN2C;6.24;CFSRE;Unknown;6.03;5.88;6.24;6.10;6.24;6.10;0.15;-0.14;Optimization;± 0.5 min
Diacetylmorphine;GVGLGOZIDCSQPN-PVHGPHFFSA-N;CC(OC1=C(O[C@@H]2[C@]34CCN(C)[C@@H]([C@@H]4C=C[C@@H]2OC(C)=O)C5)C3=C5C=C1)=O;5.14;CFSRE;Plants & extracts;5.04;5.32;5.13;5.30;4.95;5.15;0.16;0.01;Train;± 0.5 min
Diazepam;AAOVKJBEBIDNHE-UHFFFAOYSA-N;CN1C2=C(C(C3=CC=CC=C3)=NCC1=O)C=C(Cl)C=C2;8.12;CFSRE;Benzodiazepines;7.16;7.21;7.47;7.27;7.25;7.27;0.12;-0.85;Test;-1 to -0.5 min
Dibutylone;USEBIPUIVPERGC-UHFFFAOYSA-N;O1COC2=C1C=CC(=C2)C(C(CC)N(C)C)=O;4.31;CFSRE;Cathinones;4.38;4.31;4.20;4.37;3.86;4.22;0.22;-0.09;Train;± 0.5 min
Dichloroethcathinone;BIYFBWRLDKOYMU-UHFFFAOYSA-N;CC(NCC)C(C1=CC=C(Cl)C(Cl)=C1)=O;5.83;CFSRE;Cathinones;5.80;5.59;5.93;5.80;5.44;5.72;0.19;-0.11;Validation;± 0.5 min
Diclazepam;VPAYQWRBBOGGPY-UHFFFAOYSA-N;CN1C2=C(C=C(C=C2)Cl)C(C3=C(Cl)C=CC=C3)=NCC1=O;8.21;CFSRE;Benzodiazepines;7.80;7.77;8.17;8.08;7.88;7.94;0.18;-0.27;Train;± 0.5 min
Didesmethylsibutramine;WQSACWZKKZPCHN-UHFFFAOYSA-N;CC(C)CC(N)C1(CCC1)C1=CC=C(Cl)C=C1;7.53;CFSRE;Unknown;8.03;7.36;8.05;7.78;8.29;7.90;0.35;0.37;Train;± 0.5 min
Diethylone;DWARVNWIBRHVMQ-UHFFFAOYSA-N;CC(N(CC)CC)C(C1=CC=C(OCO2)C2=C1)=O;4.29;CFSRE;Cathinones;4.58;4.41;4.34;4.49;4.03;4.37;0.21;0.08;Test;± 0.5 min
Diethylpentylone;CUPSLSIMIHCVIA-UHFFFAOYSA-N;CCCC(N(CC)CC)C(C1=CC=C(OCO2)C2=C1)=O;5.51;CFSRE;Cathinones;5.56;5.43;5.37;5.63;5.09;5.42;0.21;-0.09;Train;± 0.5 min
Dihydrocodeine;RBOXVHNMENFORY-DNJOTXNNSA-N;O[C@@H]1[C@@H]2OC3=C(OC)C=CC4=C3[C@@]2([C@H]5CC1)CCN(C)[C@@H]5C4;3.39;CFSRE;Opioids;3.44;3.56;3.37;3.40;3.55;3.46;0.09;0.07;Train;± 0.5 min
Dimethylone;OSNIIMCBVLBNGS-UHFFFAOYSA-N;CC(N(C)C)C(C1=CC=C(OCO2)C2=C1)=O;3.68;CFSRE;Cathinones;3.83;3.83;3.61;3.80;3.32;3.68;0.22;0.00;Test;± 0.5 min
Dipyanone;LJIUPFDRFKFNJE-UHFFFAOYSA-N;C1(=CC=CC=C1)C(C(CC)=O)(CC(C)N1CCCC1)C1=CC=CC=C1;7.5;CFSRE;Opioids;7.32;7.39;7.50;7.62;7.53;7.47;0.12;-0.03;Train;± 0.5 min
EAM-2201;NSCXPXDWLZORPX-UHFFFAOYSA-N;O=C(C1=C2C=CC=CC2=C(CC)C=C1)C3=CN(CCCCCF)C4=C3C=CC=C4;10.18;CFSRE;Cannabinoids;10.50;10.20;10.53;10.47;10.25;10.39;0.15;0.21;Train;± 0.5 min
EDMB-PINACA;HKKKXLZFEZHHFC-GOSISDBHSA-N;O=C(N[C@H](C(OCC)=O)C(C)(C)C)C1=NN(CCCCC)C2=C1C=CC=C2;10.73;CFSRE;Cannabinoids;9.87;9.73;9.94;9.85;9.88;9.85;0.08;-0.88;Train;-1 to -0.5 min
EG-2201;LYDDINAZVHIBGP-UHFFFAOYSA-N;FCCCCCN1C2=CC=CC=C2C2=C1C=CC(=C2)C(=O)C1=CC=CC2=CC=CC=C12;10.74;CFSRE;Cannabinoids;10.66;10.27;10.52;10.68;10.40;10.51;0.18;-0.23;Train;± 0.5 min
EG018;FJMMDJDPNLZYLA-UHFFFAOYSA-N;O=C(C1=C2C=CC=CC2=CC=C1)C3=CC4=C(C=C3)N(CCCCC)C5=C4C=CC=C5;11.3;CFSRE;Cannabinoids;11.02;10.60;10.88;11.03;10.72;10.85;0.19;-0.45;Test;± 0.5 min
EMB-FUBINACA;YOECWCNJGHHTMN-IBGZPJMESA-N;CC(C)[C@@H](C(OCC)=O)NC(C1=NN(CC2=CC=C(F)C=C2)C3=C1C=CC=C3)=O;9.77;CFSRE;Cannabinoids;9.74;9.69;9.62;9.68;9.73;9.69;0.05;-0.08;Train;± 0.5 min
ETH-LAD;MYNOUXJLOHVSMQ-DNVCBOLYSA-N;O=C([C@H](C=C12)CN(CC)[C@]2([H])CC3=CNC4=C3C1=CC=C4)N(CC)CC;5.81;CFSRE;Indolalkylamines;5.61;5.94;5.64;5.59;5.65;5.69;0.15;-0.12;Validation;± 0.5 min
Emetine;AUVVAXYIELKVAI-CKBKHPSWSA-N;[H][C@]1(C[C@@]2([H])C[C@]3([H])N(CCC4=CC(OC)=C(OC)C=C34)C[C@]2([H])CC)NCCC2=CC(OC)=C(OC)C=C12;4.5;CFSRE;Unknown;4.38;4.25;4.25;4.50;4.25;4.33;0.11;-0.17;Train;± 0.5 min
Ephedrine;KWGRBVOPPLSCSI-WPRPVWTQSA-N;C[C@H](NC)[C@@H](C1=CC=CC=C1)O;3.21;CFSRE;Phenethylamines;2.81;3.15;3.15;3.11;2.87;3.02;0.16;-0.19;Optimization;± 0.5 min
Estazolam;CDCHDCWJMGXXRH-UHFFFAOYSA-N;ClC=1C=CC2=C(C(=NCC=3N2C=NN3)C3=CC=CC=C3)C1;7.19;CFSRE;Benzodiazepines;7.26;6.84;7.06;7.07;7.18;7.08;0.16;-0.11;Optimization;± 0.5 min
Ethacathinone;LYMHIBZGTAPASQ-UHFFFAOYSA-N;CC(NCC)C(C1=CC=CC=C1)=O;3.54;CFSRE;Cathinones;3.63;3.67;3.65;3.83;3.56;3.67;0.10;0.13;Train;± 0.5 min
Ethoxyacetyl Fentanyl;FBHHANTXGLSYKL-UHFFFAOYSA-N;O=C(N(C1=CC=CC=C1)C2CCN(CCC3=CC=CC=C3)CC2)COCC;6.05;CFSRE;Opioids;5.79;5.81;6.07;5.82;5.79;5.86;0.12;-0.19;Train;± 0.5 min
Ethylindole norfentanyl;KZRCNDCSHLUGKI-UHFFFAOYSA-N;O=C(CC)N(C1CCN(CCC2=CNC3=C2C=CC=C3)CC1)C4=CC=CC=C4;6.53;CFSRE;Opioids;6.26;6.52;6.49;6.53;6.46;6.45;0.11;-0.08;Train;± 0.5 min
Ethylone;MJEMIOXXNCZZFK-UHFFFAOYSA-N;CC(NCC)C(C1=CC=C(OCO2)C2=C1)=O;3.87;CFSRE;Cathinones;3.90;3.88;3.66;3.89;3.40;3.75;0.22;-0.12;Train;± 0.5 min
Ethylphenidate;AIVSIRYZIBXTMM-UHFFFAOYSA-N;CCOC(=O)C(C1CCCCN1)C2=CC=CC=C2;5.61;CFSRE;Piperidines & pyrrolidines;5.48;5.52;5.58;5.61;5.65;5.57;0.07;-0.04;Train;± 0.5 min
Eticyclidine;IFYLVUHLOOCYBG-UHFFFAOYSA-N;C(C)NC1(CCCCC1)C1=CC=CC=C1;5.71;CFSRE;Arylcyclohexylamines;5.76;5.56;5.56;5.70;5.66;5.65;0.09;-0.06;Train;± 0.5 min
Etilamfetamine;YAGBSNMZQKEFCO-UHFFFAOYSA-N;CC(NCC)CC1=CC=CC=C1;4.19;CFSRE;Phenethylamines;4.06;4.22;4.31;4.35;4.18;4.23;0.11;0.04;Train;± 0.5 min
Etizolam;VMZUTJCNQWMAGF-UHFFFAOYSA-N;ClC1=CC=CC=C1C2=NCC3=NN=C(C)N3C4=C2C=C(CC)S4;7.7;CFSRE;Benzodiazepines;7.49;7.46;7.76;7.71;7.54;7.59;0.13;-0.11;Train;± 0.5 min
Etodesnitazene;BMLPNUNXHUGDOI-UHFFFAOYSA-N;C(C)OC1=CC=C(C=C1)CC1=NC2=C(N1CCN(CC)CC)C=CC=C2;4.53;CFSRE;Opioids;5.30;5.79;5.64;5.78;5.87;5.68;0.22;1.15;Validation;1 to 2 min
Eutylone;YERSNXHEOIYEGX-UHFFFAOYSA-N;O1COC2=C1C=CC(=C2)C(C(CC)NCC)=O;4.66;CFSRE;Cathinones;4.60;4.52;4.39;4.57;4.04;4.42;0.23;-0.24;Optimization;± 0.5 min
F-2201;DYMIQRSPYZCJDG-UHFFFAOYSA-N;O=C(C1=C2C=CC=CC2=C(F)C=C1)C3=CN(CCCCCF)C4=C3C=CC=C4;9.95;CFSRE;Cannabinoids;10.07;9.85;10.20;10.01;9.88;10.00;0.14;0.05;Test;± 0.5 min
FAB-144;LVJQJRUAYXVEGN-UHFFFAOYSA-N;O=C(C1=NN(CCCCCF)C2=C1C=CC=C2)C3C(C)(C)C3(C)C;10.65;CFSRE;Cannabinoids;9.13;9.15;9.60;9.55;9.25;9.34;0.22;-1.31;Validation;-2 to -1 min
FDU-NNEI;XYSIFMHZXZATQO-UHFFFAOYSA-N;O=C(C1=CN(CC2=CC=C(F)C=C2)C3=C1C=CC=C3)NC4=C5C=CC=CC5=CC=C4;9.44;CFSRE;Cannabinoids;10.03;9.82;10.14;9.90;9.79;9.94;0.15;0.50;Train;± 0.5 min
FDU-PB-22;RCEKSVIFQKKFLS-UHFFFAOYSA-N;O=C(C1=CN(CC2=CC=C(F)C=C2)C3=C1C=CC=C3)OC4=C5C=CC=CC5=CC=C4;10.44;CFSRE;Cannabinoids;10.61;10.43;11.04;10.58;10.65;10.66;0.23;0.22;Train;± 0.5 min
FUB-144;UXOFEILQVZFLRH-UHFFFAOYSA-N;FC1=CC=C(CN2C=C(C3=CC=CC=C23)C(=O)C2C(C2(C)C)(C)C)C=C1;10.29;CFSRE;Cannabinoids;9.90;9.70;10.24;10.00;9.91;9.95;0.20;-0.34;Train;± 0.5 min
FUB-AKB-48;MWBHSNBPUSKVDD-LPSAYFBNSA-N;O=C(C1=NN(CC2=CC=C(F)C=C2)C3=C1C=CC=C3)NC45CC6CC(C5)CC(C6)C4;10.81;CFSRE;Cannabinoids;9.79;9.81;10.57;10.04;10.20;10.08;0.32;-0.73;Train;-1 to -0.5 min
FUB-JWH-018;VREQTLWJHFQLEX-UHFFFAOYSA-N;O=C(C1=CC=CC2=C1C=CC=C2)C3=CN(CC4=CC=C(F)C=C4)C5=CC=CC=C53;9.91;CFSRE;Cannabinoids;10.31;10.08;10.48;10.23;10.10;10.24;0.16;0.33;Optimization;± 0.5 min
FUB-NPB-22;NYHGKZZRRCVGAU-UHFFFAOYSA-N;O=C(C1=NN(CC2=CC=C(F)C=C2)C3=C1C=CC=C3)OC4=C5N=CC=CC5=CC=C4;9.38;CFSRE;Cannabinoids;9.73;9.81;10.02;9.49;9.93;9.80;0.20;0.42;Optimization;± 0.5 min
FUB-PB-22;ROHVURVXAOMRJY-UHFFFAOYSA-N;O=C(C1=CN(CC2=CC=C(F)C=C2)C3=C1C=CC=C3)OC4=C5N=CC=CC5=CC=C4;9.57;CFSRE;Cannabinoids;10.09;10.10;10.50;9.84;10.26;10.16;0.24;0.59;Optimization;0.5 to 1 min
FUB-PB-22 3-Carboxyindole;MRLLPLNNVZERDA-UHFFFAOYSA-N;O=C(O)c1cn(Cc2ccc(F)cc2)c2ccccc12;8.2;CFSRE;Cannabinoids;8.81;8.83;8.96;8.83;9.07;8.90;0.11;0.70;Train;0.5 to 1 min
FUBIMINA N-pentanoic acid;WDHXEBUJPILWFI-UHFFFAOYSA-N;O=C(O)CCCCN1C(C(C2=C3C=CC=CC3=CC=C2)=O)=NC4=CC=CC=C14;8.67;CFSRE;Cannabinoids;9.47;9.29;9.25;9.21;9.38;9.32;0.11;0.65;Test;0.5 to 1 min
Fentanyl;PJMPHNIQZUBGLI-UHFFFAOYSA-N;C1(=CC=CC=C1)N(C(CC)=O)C1CCN(CC1)CCC1=CC=CC=C1;6.2;CFSRE;Opioids;6.11;6.23;6.32;6.31;6.20;6.23;0.09;0.03;Validation;± 0.5 min
Fentanyl Methyl Carbamate;TYJLZTSBOBABQF-UHFFFAOYSA-N;O=C(OC)N(C1CCN(CCC2=CC=CC=C2)CC1)C3=CC=CC=C3;6.05;CFSRE;Opioids;5.95;6.08;6.15;6.03;6.03;6.04;0.08;-0.01;Train;± 0.5 min
Flualprazolam;MPZVLJCMGPYWQQ-UHFFFAOYSA-N;CC1=NN=C2N1C3=C(C=C(C=C3)Cl)C(=NC2)C4=CC=CC=C4F;7.3;CFSRE;Benzodiazepines;7.33;7.27;7.58;7.41;7.29;7.37;0.13;0.07;Train;± 0.5 min
Flubromazepam;ZRKDDZBVSZLOFS-UHFFFAOYSA-N;O=C1NC2=CC=C(Br)C=C2C(C3=CC=CC=C3F)=NC1;7.65;CFSRE;Benzodiazepines;7.56;7.52;7.86;7.82;7.50;7.65;0.17;0.00;Train;± 0.5 min
Flubromazolam;VXGSZBZQCBNUIP-UHFFFAOYSA-N;CC1=NN=C2N1C3=C(C=C(C=C3)Br)C(=NC2)C4=CC=CC=C4F;7.39;CFSRE;Benzodiazepines;7.30;7.30;7.60;7.51;7.33;7.40;0.14;0.01;Train;± 0.5 min
Fluclotizolam;ZDYRCUZZLRLMHG-UHFFFAOYSA-N;ClC1=CC=2C(=NCC=3N(C2S1)C(=NN3)C)C3=C(C=CC=C3)F;7.34;CFSRE;Benzodiazepines;7.28;7.33;7.43;7.54;7.35;7.39;0.10;0.05;Train;± 0.5 min
Fluetizolam;BCKPHENWWQCRCG-UHFFFAOYSA-N;C(C)C=1SC=2N3C(=NN=C3CN=C(C2C1)C1=C(C=CC=C1)F)C;7.47;CFSRE;Benzodiazepines;7.28;7.25;7.58;7.47;7.30;7.38;0.14;-0.09;Train;± 0.5 min
Flunitazene;ZTWHIDCAGRMKTC-UHFFFAOYSA-N;C(C)N(CCN1C(=NC2=C1C=CC(=C2)[N+](=O)[O-])CC2=CC=C(C=C2)F)CC;6.2;CFSRE;Opioids;6.05;6.16;6.26;6.24;6.11;6.16;0.09;-0.04;Train;± 0.5 min
Flunitrazepam;PPTYJKAXVCCBDU-UHFFFAOYSA-N;O=C1N(C)C2=CC=C([N+]([O-])=O)C=C2C(C3=CC=CC=C3F)=NC1;7.28;CFSRE;Benzodiazepines;7.09;7.09;7.27;7.39;6.87;7.14;0.20;-0.14;Train;± 0.5 min
Fluorexetamine;FCETYWCLCUZFJI-UHFFFAOYSA-N;C(C)NC1(C(CCCC1)=O)C1=CC(=CC=C1)F;4.63;CFSRE;Arylcyclohexylamines;4.65;4.56;4.62;4.49;4.58;4.58;0.06;-0.05;Test;± 0.5 min
Fluoroisobutyryl Fentanyl;OZDOSQNUJIXEOR-UHFFFAOYSA-N;CC(C)C(N(C1=CC=C(F)C=C1)C2CCN(CCC3=CC=CC=C3)CC2)=O;6.88;CFSRE;Opioids;6.72;6.83;6.89;6.93;6.84;6.84;0.08;-0.04;Train;± 0.5 min
Flurazepam;SAADBVWGJQAEFS-UHFFFAOYSA-N;ClC=1C=CC2=C(C(=NCC(N2CCN(CC)CC)=O)C2=C(C=CC=C2)F)C1;6.41;CFSRE;Benzodiazepines;6.45;6.31;6.64;6.45;6.41;6.45;0.12;0.04;Train;± 0.5 min
Flutoprazepam;OFVXPDXXVSGEPX-UHFFFAOYSA-N;ClC=1C=CC2=C(C(=NCC(N2CC2CC2)=O)C2=C(C=CC=C2)F)C1;9.04;CFSRE;Benzodiazepines;8.27;8.18;8.72;8.47;8.36;8.40;0.21;-0.64;Validation;-1 to -0.5 min
Furanyl Fentanyl;FZJVHWISUGFFQV-UHFFFAOYSA-N;C1(=CC=CC=C1)N(C(=O)C=1OC=CC1)C1CCN(CC1)CCC1=CC=CC=C1;6.3;CFSRE;Opioids;6.30;6.49;6.40;6.35;6.31;6.37;0.08;0.07;Train;± 0.5 min
Furanyl UF-17;OSFBKUBOZUWERW-UHFFFAOYSA-N;O=C(C1=CC=CO1)N(C2C(N(C)C)CCCC2)C3=CC=CC=C3;5.74;CFSRE;Opioids;5.81;5.92;6.00;5.94;5.80;5.89;0.08;0.15;Validation;± 0.5 min
Furanyl norfentanyl;DDSUGTXSJFAMIM-UHFFFAOYSA-N;C1(=CC=CC=C1)N(C(=O)C=1OC=CC1)C1CCNCC1;4.81;CFSRE;Opioids;4.47;4.65;4.70;4.69;4.62;4.63;0.09;-0.18;Train;± 0.5 min
Furanylethylfentanyl;AFTQVAQNGJXATO-UHFFFAOYSA-N;CCC(N(C1CCN(CCC2=CC=CO2)CC1)C3=CC=CC=C3)=O;5.75;CFSRE;Opioids;5.15;5.59;5.54;5.29;5.33;5.38;0.18;-0.37;Test;± 0.5 min
HU-210;SSQJFGMEZBFMNV-UHFFFAOYSA-N;OC1=CC(C(CCCCCC)(C)C)=CC2=C1[C@@](CC(CO)=CC3)([H])[C@]3([H])C(C)(C)O2;10.95;CFSRE;Cannabinoids;10.19;9.96;9.98;9.98;10.08;10.04;0.10;-0.91;Test;-1 to -0.5 min
HU-308;CFMRIVODIXTERW-BHIFYINESA-N;OCC1=C[C@@H](C2=C(OC)C=C(C(CCCCCC)(C)C)C=C2OC)[C@@]3([H])C[C@]1([H])C3(C)C;11.93;CFSRE;Cannabinoids;10.46;10.50;10.49;11.03;10.57;10.61;0.24;-1.32;Test;-2 to -1 min
HU-331;WDXXEUARVHTWQF-DLBZAZTESA-N;O=C(C(CCCCC)=C1)C(O)=C([C@@H]2C=C(C)CCC2C(C)=C)C1=O;10.82;CFSRE;Cannabinoids;9.99;9.59;10.13;9.98;10.02;9.94;0.20;-0.88;Optimization;-1 to -0.5 min
Hexanoyl Fentanyl;PWKBFVCAQVONRR-UHFFFAOYSA-N;CCCCCC(N(C1CCN(CCC2=CC=CC=C2)CC1)C3=CC=CC=C3)=O;7.75;CFSRE;Opioids;7.36;7.32;7.39;7.54;7.40;7.40;0.08;-0.35;Train;± 0.5 min
Hexedrone;BHIZKPHLTVLXIV-UHFFFAOYSA-N;CCCCC(NC)C(C1=CC=CC=C1)=O;5.63;CFSRE;Cathinones;5.28;5.42;5.66;5.61;5.28;5.45;0.18;-0.18;Test;± 0.5 min
Hydrocodone;LLPOLZWFYMWNKH-CMKMFDCUSA-N;CN1CCC23C4C1CC5=C2C(=C(C=C5)OC)OC3C(=O)CC4;3.92;CFSRE;Opioids;4.09;3.90;3.95;3.96;4.11;4.00;0.09;0.08;Validation;± 0.5 min
Hydromorphone;WVLOADHCBXTIJK-YNHQPCIGSA-N;[H][C@@]12OC3=C(O)C=CC4=C3[C@]11CCN(C)[C@]([H])(C4)[C@]1([H])CCC2=O;2.61;CFSRE;Opioids;3.77;3.65;3.54;3.74;3.90;3.72;0.13;1.11;Optimization;1 to 2 min
Hydroxy-THC;YCBKSSAWEUDACY-UHFFFAOYSA-N;CCCCCC1=CC(=C2C3C=C(CCC3C(OC2=C1)(C)C)CO)O;9.86;CFSRE;Cannabinoids;9.64;9.29;9.73;9.62;9.60;9.58;0.17;-0.28;Train;± 0.5 min
Hydroxybupropion;AKOAEVOSDHIVFX-UHFFFAOYSA-N;CC(NC(C)(C)CO)C(=O)C1=CC(Cl)=CC=C1;5.07;CFSRE;Cathinones;4.55;4.57;4.65;4.65;4.24;4.53;0.17;-0.54;Optimization;-1 to -0.5 min
Hydroxytriazolam;BHUYWUDMVCLHND-UHFFFAOYSA-N;C1C2=NN=C(N2C3=C(C=C(C=C3)Cl)C(=N1)C4=CC=CC=C4Cl)CO;7.02;CFSRE;Benzodiazepines;6.83;6.74;7.07;6.97;6.83;6.89;0.13;-0.13;Test;± 0.5 min
Isobutyl-PINAC;VVICSADAODYLRT-UHFFFAOYSA-N;CCCCCn1nc(C(=O)OCC(C)C)c2ccccc21;10.5;CFSRE;Cannabinoids;9.76;9.98;10.60;9.60;10.16;10.02;0.39;-0.48;Train;± 0.5 min
Isobutyryl Fentanyl;WRPFPNIHTOSMKU-UHFFFAOYSA-N;CC(C)C(N(C1=CC=CC=C1)C2CCN(CCC3=CC=CC=C3)CC2)=O;6.66;CFSRE;Opioids;6.59;6.73;6.78;6.82;6.72;6.73;0.09;0.07;Validation;± 0.5 min
Isopropyl-U-47700;LGYQSYWASFBSHJ-UHFFFAOYSA-N;ClC=1C=C(C(=O)N(C(C)C)C2C(CCCC2)N(C)C)C=CC1Cl;7.19;CFSRE;Opioids;6.69;6.76;6.80;6.84;6.76;6.77;0.06;-0.42;Optimization;± 0.5 min
Isopropylphenidate;AZVPADMEIMLODT-UHFFFAOYSA-N;C1(=CC=CC=C1)C(C(=O)OC(C)C)C2CCCCN2;6.22;CFSRE;Piperidines & pyrrolidines;5.75;5.91;5.92;5.99;6.01;5.92;0.10;-0.30;Optimization;± 0.5 min
Isotonitazene;OIOQREYBGDAYGT-UHFFFAOYSA-N;C(C)N(CCN1C(=NC2=C1C=CC(=C2)[N+](=O)[O-])CC2=CC=C(C=C2)OC(C)C)CC;7.02;CFSRE;Opioids;7.12;6.93;7.23;6.97;7.08;7.07;0.12;0.05;Validation;± 0.5 min
JWH-007;IBBNKINXTRKICJ-UHFFFAOYSA-N;CC=1N(C2=CC=CC=C2C1C(=O)C1=CC=CC2=CC=CC=C12)CCCCC;10.47;CFSRE;Cannabinoids;10.40;10.14;10.45;10.38;10.19;10.31;0.14;-0.16;Optimization;± 0.5 min
JWH-011;HVIWIQFCDXFBDK-UHFFFAOYSA-N;CCCCCC(C)N1C(C)=C(C(=O)C2=CC=CC3=CC=CC=C23)C2=CC=CC=C12;10.97;CFSRE;Cannabinoids;11.08;10.77;10.94;11.00;10.84;10.93;0.12;-0.04;Optimization;± 0.5 min
JWH-015;LJSBBBWQTLXQEN-UHFFFAOYSA-N;O=C(C1=C(C)N(CCC)C2=C1C=CC=C2)C3=C4C=CC=CC4=CC=C3;9.74;CFSRE;Cannabinoids;10.01;9.77;10.37;10.10;10.02;10.05;0.21;0.31;Train;± 0.5 min
JWH-016;QKXRHYJSCZFHEK-UHFFFAOYSA-N;O=C(C1=C(C)N(CCCC)C2=C1C=CC=C2)C3=C4C=CC=CC4=CC=C3;10.24;CFSRE;Cannabinoids;10.21;9.94;10.36;10.18;10.08;10.15;0.16;-0.09;Validation;± 0.5 min
JWH-018;JDNLPKCAXICMBW-UHFFFAOYSA-N;CCCCCN1C=C(C(C2=C3C=CC=CC3=CC=C2)=O)C4=C1C=CC=C4;10.35;CFSRE;Cannabinoids;10.39;10.10;10.59;10.41;10.27;10.35;0.18;0.00;Train;± 0.5 min
JWH-018 6-Methoxyindole Analogue;LQWPINYSBSBWIN-UHFFFAOYSA-N;CCCCCN1C2=CC(OC)=CC=C2C(C(C3=CC=CC4=C3C=CC=C4)=O)=C1;10.39;CFSRE;Cannabinoids;10.37;10.16;10.54;10.36;10.28;10.34;0.14;-0.05;Train;± 0.5 min
JWH-018 8-Quinolinyl Carboxamide;LSDZETPTKCENTH-UHFFFAOYSA-N;CCCCCN1C=C(C(O)=NC2=CC=CC3=C2N=CC=C3)C2=CC=CC=C12;10.83;CFSRE;Cannabinoids;10.02;9.81;10.33;10.05;9.95;10.03;0.19;-0.80;Optimization;-1 to -0.5 min
JWH-018 Benzimidazole Analogue;ZJWSSWFQIOEVCU-UHFFFAOYSA-N;O=C(C1=C(C=CC=C2)C2=CC=C1)C3=NC4=C(C=CC=C4)N3CCCCC;10.55;CFSRE;Cannabinoids;10.09;9.89;10.51;10.27;10.14;10.18;0.23;-0.37;Train;± 0.5 min
JWH-018 N-(1,1-Dimethylpropyl) Isomer;RAHXKESFWHOCTB-UHFFFAOYSA-N;O=C(C1=C2C=CC=CC2=CC=C1)C3=CN(C(C)(C)CC)C4=C3C=CC=C4;10.17;CFSRE;Cannabinoids;10.25;9.97;10.41;10.23;10.11;10.19;0.16;0.02;Train;± 0.5 min
JWH-018 N-(4,5-Epoxypentyl) Analogue;WWVMNUMWFUXVSG-UHFFFAOYSA-N;O=C(C1=CN(CCCC2OC2)C3=C1C=CC=C3)C4=C5C(C=CC=C5)=CC=C4;9.12;CFSRE;Cannabinoids;9.71;9.73;9.97;9.48;9.88;9.75;0.19;0.63;Train;0.5 to 1 min
JWH-018 N-(5-Bromopentyl) Analogue;QDWNXDILPHVKLY-UHFFFAOYSA-N;O=C(C1=CC=CC2=C1C=CC=C2)C3=CN(CCCCCBr)C4=CC=CC=C43;10.21;CFSRE;Cannabinoids;10.42;10.23;10.62;10.46;10.24;10.39;0.16;0.18;Train;± 0.5 min
JWH-018 N-(5-Chloropentyl) Analogue;NZQRTHJPVKPTBV-UHFFFAOYSA-N;O=C(C1=CN(CCCCCCl)C2=C1C=CC=C2)C3=C4C(C=CC=C4)=CC=C3;10.09;CFSRE;Cannabinoids;10.30;10.08;10.49;10.30;10.11;10.26;0.16;0.17;Validation;± 0.5 min
JWH-018 N-Pentanoic Acid;BYIVGHIYNFQIJX-UHFFFAOYSA-N;C1(=CC=CC2=CC=CC=C12)C(=O)C1=CN(C2=CC=CC=C12)CCCCC(=O)O;8.76;CFSRE;Cannabinoids;9.67;9.42;9.41;9.42;9.63;9.51;0.13;0.75;Train;0.5 to 1 min
JWH-019;PALJPGHWDUHUPO-UHFFFAOYSA-N;O=C(C1=CN(CCCCCC)C2=C1C=CC=C2)C3=C4C=CC=CC4=CC=C3;10.66;CFSRE;Cannabinoids;10.58;10.32;10.64;10.59;10.41;10.51;0.13;-0.15;Train;± 0.5 min
JWH-020;IHKDUDCDUKFOKK-UHFFFAOYSA-N;O=C(C1=CN(CCCCCCC)C2=C1C=CC=C2)C3=C4C=CC=CC4=CC=C3;10.96;CFSRE;Cannabinoids;10.85;10.56;10.87;10.85;10.67;10.76;0.14;-0.20;Test;± 0.5 min
JWH-022;IVVCMEGHVSDGFJ-UHFFFAOYSA-N;O=C(C1=C2C=CC=CC2=CC=C1)C3=CN(CCCC=C)C4=C3C=CC=C4;10.12;CFSRE;Cannabinoids;10.18;9.92;10.34;10.16;10.09;10.14;0.15;0.02;Train;± 0.5 min
JWH-030;VPBJQDBKZSHCPC-UHFFFAOYSA-N;O=C(C1=C2C=CC=CC2=CC=C1)C3=CN(CCCCC)C=C3;9.83;CFSRE;Cannabinoids;10.03;9.74;10.25;9.60;9.67;9.86;0.28;0.03;Train;± 0.5 min
JWH-031;QTWPXDHMBKIWDK-UHFFFAOYSA-N;CCCCCCN1C=CC(=C1)C(=O)C1=CC=CC2=CC=CC=C12;10.22;CFSRE;Cannabinoids;10.33;10.05;10.56;9.91;10.04;10.18;0.26;-0.04;Test;± 0.5 min
JWH-071;DFUBISUWTFPBFB-UHFFFAOYSA-N;CCn1cc(-c2ccc3ccccc3c2C=O)c2ccccc21;9.33;CFSRE;Cannabinoids;9.58;9.61;9.97;9.75;9.53;9.69;0.18;0.36;Validation;± 0.5 min
JWH-072;IVLWWVXVWRIXSS-UHFFFAOYSA-N;O=C(C1=C2C=CC=CC2=CC=C1)C3=CN(CCC)C4=C3C=CC=C4;9.59;CFSRE;Cannabinoids;9.93;9.75;10.40;10.12;9.97;10.04;0.24;0.45;Test;± 0.5 min
JWH-073;VCHHHSMPMLNVGS-UHFFFAOYSA-N;CCCCN1C=C(C2=CC=CC=C21)C(=O)C3=CC=CC4=CC=CC=C43;10;CFSRE;Cannabinoids;10.20;9.91;10.58;10.29;10.20;10.24;0.24;0.24;Validation;± 0.5 min
JWH-073 2-Methylnaphthyl Analogue;DRPAIIWSIJRPFH-UHFFFAOYSA-N;CCCCN1C=C(C2=CC=CC=C21)C(=O)C3=C(C=CC4=CC=CC=C43)C;10.18;CFSRE;Cannabinoids;10.46;10.14;10.68;10.50;10.36;10.43;0.20;0.25;Validation;± 0.5 min
JWH-073 6-Methoxyindole Analogue;YFQNBXNHANIAJR-UHFFFAOYSA-N;O=C(C1=CN(CCCC)C2=C1C=CC(OC)=C2)C3=CC=CC4=C3C=CC=C4;10.07;CFSRE;Cannabinoids;10.20;10.00;10.31;10.19;10.12;10.16;0.11;0.09;Validation;± 0.5 min
JWH-080;PGOAKRPGOLHODL-UHFFFAOYSA-N;O=C(C1=CN(CCCC)C2=C1C=CC=C2)C3=C4C=CC=CC4=C(OC)C=C3;10.28;CFSRE;Cannabinoids;10.20;10.00;10.31;10.19;10.12;10.16;0.11;-0.12;Test;± 0.5 min
JWH-081;UBMPKJKGUQDHRM-UHFFFAOYSA-N;COC1=CC=C(C2=CC=CC=C12)C(=O)C1=CN(C2=CC=CC=C12)CCCCC;10.49;CFSRE;Cannabinoids;10.37;10.16;10.54;10.36;10.28;10.34;0.14;-0.15;Train;± 0.5 min
JWH-081 N-(Cyclohexylmethyl) Analogue;LMENRXZOUBANKQ-UHFFFAOYSA-N;O=C(C1=CN(CC2CCCCC2)C3=C1C=CC=C3)C4=C5C=CC=CC5=C(OC)C=C4;10.94;CFSRE;Cannabinoids;10.54;10.53;11.25;10.84;10.59;10.75;0.31;-0.19;Optimization;± 0.5 min
JWH-098;CNTCHEBQQFICNR-UHFFFAOYSA-N;O=C(C1=C2C=CC=CC2=C(OC)C=C1)C3=C(C)N(CCCCC)C4=C3C=CC=C4;10.6;CFSRE;Cannabinoids;10.46;10.19;10.81;10.47;10.39;10.46;0.22;-0.14;Train;± 0.5 min
JWH-116;AQHPTHKEKSWGPO-UHFFFAOYSA-N;CCCCCn1c(CC)c(C(=O)c2cccc3ccccc23)c2ccccc21;10.84;CFSRE;Cannabinoids;10.72;10.41;10.77;10.72;10.53;10.63;0.16;-0.21;Train;± 0.5 min
JWH-122;HUKJQMKQFWYIHS-UHFFFAOYSA-N;O=C(C1=C2C=CC=CC2=C(C)C=C1)C3=CN(CCCCC)C4=C3C=CC=C4;10.62;CFSRE;Cannabinoids;10.64;10.36;10.71;10.66;10.49;10.57;0.14;-0.05;Train;± 0.5 min
JWH-122 N-(4-Pentenyl) Analogue;FJRCMNJZLRNCND-UHFFFAOYSA-N;CC1=CC=C(C2=CC=CC=C12)C(=O)C3=CN(C4=CC=CC=C43)CCCC=C;10.41;CFSRE;Cannabinoids;10.44;10.16;10.49;10.41;10.27;10.35;0.14;-0.06;Train;± 0.5 min
JWH-133;YSBFLLZNALVODA-RBUKOAKNSA-N;[H][C@@]12CC(C)=CC[C@@]1([H])C(C)(C)OC1=C2C=CC(=C1)C(C)(C)CCC;12.33;CFSRE;Cannabinoids;10.50;10.36;10.93;10.86;10.41;10.61;0.27;-1.72;Validation;-2 to -1 min
JWH-145;JLXYYSHMURZHKI-UHFFFAOYSA-N;O=C(C1=C2C=CC=CC2=CC=C1)C3=CN(CCCCC)C(C4=CC=CC=C4)=C3;10.79;CFSRE;Cannabinoids;10.60;10.30;10.64;10.58;10.38;10.50;0.15;-0.29;Train;± 0.5 min
JWH-146;JDBFNFBWXVCTSA-UHFFFAOYSA-N;O=C(C1=CN(CCCCCCC)C(C2=CC=CC=C2)=C1)C3=C4C=CC=CC4=CC=C3;11.32;CFSRE;Cannabinoids;11.34;10.95;11.21;11.40;11.11;11.20;0.18;-0.12;Train;± 0.5 min
JWH-147;FRMYAMAGHYHNKF-UHFFFAOYSA-N;O=C(C1=CN(CCCCCC)C(C2=CC=CC=C2)=C1)C3=C4C=CC=CC4=CC=C3;10.97;CFSRE;Cannabinoids;10.93;10.57;10.89;10.88;10.68;10.79;0.16;-0.18;Validation;± 0.5 min
JWH-149;JTJAMXUOXJGSCW-UHFFFAOYSA-N;O=C(C1=C2C=CC=CC2=C(C)C=C1)C3=C(C)N(CCCCC)C4=C3C=CC=C4;10.82;CFSRE;Cannabinoids;10.71;10.41;10.75;10.72;10.51;10.62;0.15;-0.20;Train;± 0.5 min
JWH-167;AMCPOEOUXQWESI-UHFFFAOYSA-N;CCCCCN1C=C(C(CC2=CC=CC=C2)=O)C3=C1C=CC=C3;9.95;CFSRE;Cannabinoids;9.89;9.73;10.25;9.83;9.75;9.89;0.21;-0.06;Train;± 0.5 min
JWH-175;TYBRSILIYTUTSQ-UHFFFAOYSA-N;CCCCCN1C=C(CC2=CC=CC3=CC=CC=C23)C2=CC=CC=C12;11.34;CFSRE;Cannabinoids;11.40;11.17;11.62;11.65;11.42;11.45;0.19;0.11;Train;± 0.5 min
JWH-176;FPESBQVTVSBBSE-XLNRJJMWSA-N;[H]\C(=C1/C=C(CCCCC)C2=CC=CC=C12)C1=CC=CC2=CC=CC=C12;12.32;CFSRE;Cannabinoids;11.71;11.54;11.97;12.02;11.65;11.78;0.21;-0.54;Train;-1 to -0.5 min
JWH-180;BMOMWXXAVVSIRU-UHFFFAOYSA-N;O=C(C1=CN(CCC)C2=C1C=CC=C2)C3=C4C=CC=CC4=C(CCC)C=C3;10.63;CFSRE;Cannabinoids;10.66;10.36;10.74;10.67;10.52;10.59;0.15;-0.04;Train;± 0.5 min
JWH-182;AKGUMDFQXWZHHS-UHFFFAOYSA-N;O=C(C1=CN(CCCCC)C2=C1C=CC=C2)C3=C4C=CC=CC4=C(CCC)C=C3;11.18;CFSRE;Cannabinoids;11.23;10.88;11.24;11.23;11.07;11.13;0.16;-0.05;Train;± 0.5 min
JWH-193;ICKWPPYMDARCKJ-UHFFFAOYSA-N;O=C(C1=C2C=CC=CC2=C(C)C=C1)C3=CN(CCN4CCOCC4)C5=C3C=CC=C5;7.95;CFSRE;Cannabinoids;7.99;7.73;8.15;8.13;8.02;8.00;0.17;0.05;Train;± 0.5 min
JWH-198;QWHSUXWDDKWTOG-UHFFFAOYSA-N;O=C(C1=CN(CCN2CCOCC2)C3=C1C=CC=C3)C4=C5C=CC=CC5=C(OC)C=C4;7.81;CFSRE;Cannabinoids;9.02;8.61;9.17;8.71;8.84;8.87;0.23;1.06;Optimization;1 to 2 min
JWH-200;SZWYXJHTNGJPKU-UHFFFAOYSA-N;O=C(C1=CC=CC2=C1C=CC=C2)C3=CN(C4=C3C=CC=C4)CCN5CCOCC5;7.42;CFSRE;Cannabinoids;7.82;7.38;7.91;7.71;7.89;7.74;0.21;0.32;Test;± 0.5 min
JWH-200 Analogue;MBMNSYXHFHEPMX-BMRADRMJSA-N;O=C(/C=C(C(C)(C)C)\C)C1=CN(CCN2CCOCC2)C3=CC=CC=C31;7.82;CFSRE;Cannabinoids;7.90;7.62;7.81;7.57;7.95;7.77;0.17;-0.05;Train;± 0.5 min
JWH-201;KQRKUKYSZPHOKC-UHFFFAOYSA-N;CCCCCN1C=C(C(CC2=CC=C(OC)C=C2)=O)C3=C1C=CC=C3;9.89;CFSRE;Cannabinoids;10.00;9.77;10.24;10.23;9.95;10.04;0.20;0.15;Train;± 0.5 min
JWH-203;YDINKDBAZJOSLV-UHFFFAOYSA-N;CCCCCN1C=C(C(CC2=CC=CC=C2Cl)=O)C3=C1C=CC=C3;10.27;CFSRE;Cannabinoids;10.40;10.18;10.75;10.31;10.34;10.40;0.22;0.13;Test;± 0.5 min
JWH-210;LACIUQLUNACUKC-UHFFFAOYSA-N;C(C)C1=CC=C(C2=CC=CC=C12)C(=O)C1=CN(C2=CC=CC=C12)CCCCC;10.85;CFSRE;Cannabinoids;10.90;10.56;10.97;10.92;10.75;10.82;0.17;-0.03;Train;± 0.5 min
JWH-213;JAVDQKMSPNBPCK-UHFFFAOYSA-N;O=C(C1=C2C=CC=CC2=C(CC)C=C1)C3=C(C)N(CCCCC)C4=C3C=CC=C4;11.05;CFSRE;Cannabinoids;11.04;10.67;11.03;11.01;10.82;10.91;0.16;-0.14;Test;± 0.5 min
JWH-249;CGQRVOHECAULLB-UHFFFAOYSA-N;CCCCCN1C=C(C(CC2=CC=CC=C2Br)=O)C3=C1C=CC=C3;10.35;CFSRE;Cannabinoids;10.53;10.28;10.85;10.45;10.46;10.52;0.21;0.17;Train;± 0.5 min
JWH-250;FFLSJIQJQKDDCM-UHFFFAOYSA-N;C(CCCC)N1C=C(C2=CC=CC=C12)C(CC1=C(C=CC=C1)OC)=O;9.93;CFSRE;Cannabinoids;10.00;9.77;10.24;10.23;9.95;10.04;0.20;0.11;Optimization;± 0.5 min
JWH-251;YBIPNGRKUAVSBG-UHFFFAOYSA-N;CCCCCN1C=C(C(CC2=CC=CC=C2C)=O)C3=C1C=CC=C3;10.14;CFSRE;Cannabinoids;10.25;9.96;10.61;10.15;10.19;10.23;0.24;0.09;Train;± 0.5 min
JWH-302;XZVYWLVYUAQEIM-UHFFFAOYSA-N;CCCCCN1C=C(C(CC2=CC=CC(OC)=C2)=O)C3=C1C=CC=C3;9.92;CFSRE;Cannabinoids;10.00;9.77;10.24;10.23;9.95;10.04;0.20;0.12;Train;± 0.5 min
JWH-307;WYNZPDDTQGVCLZ-UHFFFAOYSA-N;O=C(C1=CN(CCCCC)C(C2=CC=CC=C2F)=C1)C3=C4C=CC=CC4=CC=C3;10.61;CFSRE;Cannabinoids;10.70;10.40;10.73;10.70;10.49;10.60;0.15;-0.01;Optimization;± 0.5 min
JWH-309;WVISOUYKTUUDFW-UHFFFAOYSA-N;CCCCCN1C(C2=C3C=CC=CC3=CC=C2)=CC(C(C4=C5C=CC=CC5=CC=C4)=O)=C1;11.24;CFSRE;Cannabinoids;11.54;11.10;11.41;11.89;11.49;11.48;0.28;0.24;Train;± 0.5 min
JWH-368;OCOICOMCAJNSCA-UHFFFAOYSA-N;O=C(C1=CN(CCCCC)C(C2=CC=CC(F)=C2)=C1)C3=C4C=CC=CC4=CC=C3;10.8;CFSRE;Cannabinoids;10.70;10.40;10.73;10.70;10.49;10.60;0.15;-0.20;Train;± 0.5 min
JWH-369;SUELCWQJMQQCTF-UHFFFAOYSA-N;CCCCCN1C(C2=CC=CC=C2Cl)=CC(C(C3=C4C=CC=CC4=CC=C3)=O)=C1;10.92;CFSRE;Cannabinoids;11.13;10.90;11.06;11.13;11.01;11.05;0.10;0.13;Train;± 0.5 min
JWH-370;HZMLAMXVETUEJZ-UHFFFAOYSA-N;O=C(C1=CN(CCCCC)C(C2=CC=CC=C2C)=C1)C3=C4C=CC=CC4=CC=C3;9.92;CFSRE;Cannabinoids;10.96;10.60;10.96;10.92;10.72;10.83;0.16;0.91;Train;0.5 to 1 min
JWH-387;GRWSWDKSCZKGSY-UHFFFAOYSA-N;O=C(C1=C2C=CC=CC2=C(Br)C=C1)C3=CN(CCCCC)C4=C3C=CC=C4;11.02;CFSRE;Cannabinoids;10.91;10.77;11.10;11.16;10.85;10.96;0.17;-0.06;Train;± 0.5 min
JWH-398;IUWBHGFOHXVVKV-UHFFFAOYSA-N;CCCCCN1C2=C(C=CC=C2)C(C(C3=CC=C(Cl)C4=C3C=CC=C4)=O)=C1;10.94;CFSRE;Cannabinoids;10.79;10.62;10.97;10.97;10.67;10.80;0.16;-0.14;Validation;± 0.5 min
JWH-412;HDWMKVHXWFNFQW-UHFFFAOYSA-N;O=C(C1=C2C=CC=CC2=C(F)C=C1)C3=CN(CCCCC)C4=C3C=CC=C4;10.64;CFSRE;Cannabinoids;10.48;10.21;10.70;10.54;10.35;10.46;0.19;-0.18;Train;± 0.5 min
JWH-424;QXZYVJRMQVOOEQ-UHFFFAOYSA-N;O=C(C1=C2C(Br)=CC=CC2=CC=C1)C3=CN(CCCCC)C4=C3C=CC=C4;10.33;CFSRE;Cannabinoids;10.91;10.77;11.10;11.16;10.85;10.96;0.17;0.63;Train;0.5 to 1 min
Ketamine;YQEZLKZALYSWHR-UHFFFAOYSA-N;ClC1=C(C=CC=C1)C1(C(CCCC1)=O)NC;4.54;CFSRE;Arylcyclohexylamines;4.69;4.58;4.62;4.59;4.57;4.61;0.05;0.07;Train;± 0.5 min
LSD;VAYOSLLFUXYJDT-RDTXWAMCSA-N;C(C)N(C(=O)[C@@H]1C=C2C=3C=CC=C4NC=C(C[C@H]2N(C1)C)C34)CC;5.62;CFSRE;Indolalkylamines;5.06;5.63;5.12;5.05;5.27;5.22;0.24;-0.40;Validation;± 0.5 min
Lacosamide;VPPJLAIAVCUEMN-GFCCVEGCSA-N;[H][C@](COC)(N=C(C)O)C(O)=NCC1=CC=CC=C1;4.84;CFSRE;Unknown;5.64;5.20;5.50;5.30;5.86;5.50;0.27;0.66;Optimization;0.5 to 1 min
Levorphanol;JAQUASYNZVUNQP-USXIJHARSA-N;[H][C@@]12CC3=C(C=C(O)C=C3)[C@@]3(CCCC[C@@]13[H])CCN2C;4.86;CFSRE;Unknown;5.82;5.71;5.78;5.87;6.05;5.85;0.13;0.99;Train;0.5 to 1 min
Lisdexamphetamine;VOBHXZCDAVEXEY-JSGCOSHPSA-N;N[C@H](C(=O)N[C@H](CC1=CC=CC=C1)C)CCCCN;3.22;CFSRE;Phenethylamines;-0.18;0.38;1.57;0.56;1.89;0.84;0.86;-2.38;Optimization;< -2min
Lorazepam;DIWRORZWFLOCLC-UHFFFAOYSA-N;ClC=1C=CC2=C(C(=NC(C(N2)=O)O)C2=C(C=CC=C2)Cl)C1;7.28;CFSRE;Benzodiazepines;7.00;7.30;7.35;7.28;7.29;7.24;0.14;-0.04;Test;± 0.5 min
M-144;SVBIXYNVVDXJGW-UHFFFAOYSA-N;O=C(C1=C(C)N(CCCCCF)C2=C1C=CC=C2)C3C(C)(C)C3(C)C;10.61;CFSRE;Cannabinoids;9.63;9.55;10.04;9.83;9.60;9.73;0.20;-0.88;Validation;-1 to -0.5 min
MA-CHMINACA;CRGGXDSTBHQLKJ-UHFFFAOYSA-N;CC(C)[C@H](NC(C1=NN(CC2CCCCC2)C3=C1C=CC=C3)=O)C(OC)=O;10.41;CFSRE;Cannabinoids;9.70;9.69;9.81;9.73;9.66;9.72;0.06;-0.69;Train;-1 to -0.5 min
MAB-CHMINACA;ZWCCSIUBHCZKOY-GOSISDBHSA-N;O=C(C1=NN(CC2CCCCC2)C3=C1C=CC=C3)NC(C(C)(C)C)C(N)=O;9.79;CFSRE;Cannabinoids;8.94;9.08;9.10;8.93;9.01;9.01;0.08;-0.78;Validation;-1 to -0.5 min
MAB-CHMINACA 3,3-Dimethylbutanoic Acid;HWEQMPAYSNTICF-WTNGLUPJSA-N;CC(C)(C)[C@H](NC(C1=NN(CC2CCC(O)CC2)C3=C1C=CC=C3)=O)C(O)=O;10.19;CFSRE;Cannabinoids;7.81;8.16;7.95;8.20;8.45;8.11;0.25;-2.08;Test;< -2min
MAM-2201;IGBHZHCGWLHBAE-UHFFFAOYSA-N;O=C(C1=CN(CCCCCF)C2=C1C=CC=C2)C3=C4C=CC=CC4=C(C)C=C3;9.91;CFSRE;Cannabinoids;10.23;9.98;10.28;10.19;10.00;10.14;0.14;0.23;Optimization;± 0.5 min
MAM-2201 N-(5-Chloropentyl) Analogue;MGKPPIQCXPTZFK-UHFFFAOYSA-N;O=C(C1=CN(CCCCCCl)C2=C1C=CC=C2)C3=C4C=CC=CC4=C(C)C=C3;10.35;CFSRE;Cannabinoids;10.56;10.34;10.60;10.58;10.37;10.49;0.12;0.14;Train;± 0.5 min
MBDB;USWVWJSAJAEEHQ-UHFFFAOYSA-N;CCC(NC)CC1=CC=C(OCO2)C2=C1;4.65;CFSRE;Phenethylamines;5.50;5.89;5.51;5.65;5.43;5.60;0.18;0.95;Train;0.5 to 1 min
MCHB-1;WRVZBXHTUOPQJS-UHFFFAOYSA-N;O=C(C1=CC=C2C(N=C(CC3=CC=C(OCC)C=C3)N2CC4CCCCC4)=C1)N(CC)CC;9.8;CFSRE;Cannabinoids;9.26;10.00;10.49;10.31;9.57;9.93;0.51;0.13;Validation;± 0.5 min
MDA;NGBBVGZWCFBOGO-UHFFFAOYSA-N;CC(N)CC1=CC=C(OCO2)C2=C1;3.83;CFSRE;Phenethylamines;4.55;4.75;4.54;4.57;4.11;4.50;0.24;0.67;Test;0.5 to 1 min
MDA 77;BUSVEUMKIXHTKG-UHFFFAOYSA-N;CCCCCN1C(=O)C(=NN=C(O)C2=CC=CC=C2)C2=C1C=C(OC)C=C2;10.3;CFSRE;Unknown;8.85;8.10;9.91;8.59;8.13;8.71;0.74;-1.59;Test;-2 to -1 min
MDEA;PVXVWWANJIWJOO-UHFFFAOYSA-N;CC(CC1=CC(OCO2)=C2C=C1)NCC;4.34;CFSRE;Phenethylamines;5.32;5.69;5.37;5.47;5.24;5.42;0.17;1.08;Train;1 to 2 min
MDMA;SHXWCVYOXRDMCX-UHFFFAOYSA-N;CC(NC)CC1=CC=C(OCO2)C2=C1;4.01;CFSRE;Phenethylamines;4.89;5.23;4.92;4.93;4.68;4.93;0.19;0.92;Train;0.5 to 1 min
MDMB-4en-PINACA;LWOCBHBFWNGPGM-UHFFFAOYSA-N;CC(C(C(=O)OC)NC(=O)C1=NN(C2=CC=CC=C12)CCCC=C)(C)C;10.04;CFSRE;Cannabinoids;9.47;9.88;9.85;9.67;9.82;9.74;0.17;-0.30;Train;± 0.5 min
MDMB-5Br-INACA;QGEVEXPJOKFMAN-GFCCVEGCSA-N;BrC=1C=C2C(=NNC2=CC1)C(=O)NC(C(=O)OC)C(C)(C)C;9.06;CFSRE;Cannabinoids;8.42;8.66;8.98;8.41;8.49;8.59;0.24;-0.47;Train;± 0.5 min
MDMB-5Me-INACA;OBEPVZFBSIMMHX-UHFFFAOYSA-N;CC(C(C(=O)OC)NC(=O)C1=NNC2=CC=C(C=C12)C)(C)C;8.54;CFSRE;Cannabinoids;8.42;8.58;8.53;8.61;8.50;8.53;0.07;-0.01;Train;± 0.5 min
MDMB-BINACA;YHAWFWPNIXPRDT-MRXNPFEDSA-N;CCCCN1C2=CC=CC=C2C(=N1)C(=O)N[C@H](C(=O)OC)C(C)(C)C;9.94;CFSRE;Cannabinoids;9.31;9.99;9.77;9.54;9.87;9.70;0.27;-0.24;Validation;± 0.5 min
MDMB-CHMCZCA;FAWVRKNYDPKTDZ-UHFFFAOYSA-N;CC(C)(C)[C@H](NC(C1=CC2=C(C=C1)N(CC3CCCCC3)C4=C2C=CC=C4)=O)C(OC)=O;10.93;CFSRE;Cannabinoids;10.27;10.52;11.04;10.90;10.58;10.66;0.31;-0.27;Train;± 0.5 min
MDMB-CHMICA;SRJKCVHWIDFUBO-HXUWFJFHSA-N;CC(C)(C)[C@@H](C(OC)=O)NC(C1=CN(CC2CCCCC2)C3=C1C=CC=C3)=O;10.33;CFSRE;Cannabinoids;9.81;9.71;9.80;9.73;9.83;9.78;0.05;-0.55;Test;-1 to -0.5 min
MDMB-CHMINACA;DGQMLBSSRFFINY-UHFFFAOYSA-N;CC(C)(C)[C@@H](C(OC)=O)NC(C1=NN(CC2CCCCC2)C3=C1C=CC=C3)=O;10.61;CFSRE;Cannabinoids;9.71;9.69;9.73;9.74;9.81;9.74;0.04;-0.87;Train;-1 to -0.5 min
MDMB-FUBICA;RVAWIZIGOSKPBP-UHFFFAOYSA-N;CC(C)(C)C(NC(C1=CN(CC2=CC=C(F)C=C2)C3=C1C=CC=C3)=O)C(OC)=O;9.46;CFSRE;Cannabinoids;9.76;9.73;9.69;9.78;9.81;9.76;0.05;0.30;Train;± 0.5 min
MDMB-FUBICA 3,3-Dimethylbutanoic Acid;PZPKPULZRMBYJZ-LJQANCHMSA-N;CC(C)(C)[C@H](NC(C1=CN(CC2=CC=C(F)C=C2)C3=C1C=CC=C3)=O)C(O)=O;8.94;CFSRE;Cannabinoids;9.69;9.63;9.75;9.72;9.78;9.72;0.06;0.78;Train;0.5 to 1 min
MDMB-FUBINACA;RFCDVEHNYDVCMU-UHFFFAOYSA-N;CC(C)(C)[C@H](NC(C1=NN(CC2=CC=C(F)C=C2)C3=C1C=CC=C3)=O)C(OC)=O;9.66;CFSRE;Cannabinoids;9.77;9.72;9.64;9.70;9.76;9.72;0.05;0.06;Optimization;± 0.5 min
MDMB-FUBINACA 3,3-Dimethylbutanoic Acid;IYHKZKWEKNIMPG-GOSISDBHSA-N;FC1=CC=C(CN2N=C(C3=CC=CC=C23)C(=O)N[C@H](C(=O)O)C(C)(C)C)C=C1;9.19;CFSRE;Cannabinoids;9.66;9.68;9.82;9.71;9.69;9.71;0.06;0.52;Test;0.5 to 1 min
MDMB-INACA;QEXPVGIGOZJEOO-UHFFFAOYSA-N;N1N=C(C2=CC=CC=C12)C(=O)NC(C(=O)OC)C(C)(C)C;7.95;CFSRE;Cannabinoids;7.84;7.80;7.92;8.01;7.85;7.88;0.09;-0.07;Train;± 0.5 min
MDPBP;OLVLMDVPMCIBQW-UHFFFAOYSA-N;CCC(N1CCCC1)C(C2=CC=C(OCO3)C3=C2)=O;4.58;CFSRE;Cathinones;4.81;4.66;4.57;4.74;4.30;4.62;0.20;0.04;Train;± 0.5 min
MDPPP;NIYQOTCYXGXMPI-UHFFFAOYSA-N;CC(N1CCCC1)C(C2=CC(OCO3)=C3C=C2)=O;4.09;CFSRE;Cathinones;4.29;4.18;4.07;4.20;3.74;4.10;0.22;0.01;Train;± 0.5 min
MDPV;SYHGEUNFJIGTRX-UHFFFAOYSA-N;O1COC2=C1C=CC(=C2)C(C(CCC)N2CCCC2)=O;5.29;CFSRE;Cathinones;5.28;5.15;5.03;5.30;4.73;5.10;0.23;-0.19;Train;± 0.5 min
MFUBINAC;UUCUVSWGJOQWCA-UHFFFAOYSA-N;O=C(OC)C1=NN(CC2=CC=C(F)C=C2)C3=C1C=CC=C3;8.65;CFSRE;Cannabinoids;9.05;8.80;8.73;8.82;9.03;8.89;0.14;0.24;Train;± 0.5 min
MMB-018;XOVHYVWQBVNONJ-SFHVURJKSA-N;CC(C)[C@@H](C(OC)=O)NC(C1=CN(CCCCC)C2=C1C=CC=C2)=O;9.58;CFSRE;Cannabinoids;9.61;9.61;9.86;9.54;9.69;9.66;0.12;0.08;Train;± 0.5 min
MMB-2201;JFXASAFVUQVGEW-SFHVURJKSA-N;CC(C)[C@H](NC(C1=CN(CCCCCF)C2=C1C=CC=C2)=O)C(OC)=O;8.88;CFSRE;Cannabinoids;9.05;9.02;9.31;9.14;9.01;9.11;0.12;0.23;Validation;± 0.5 min
MMB-4en-PICA;RQVMOMGJHFPBNR-UHFFFAOYSA-N;CC(C(C(=O)OC)NC(=O)C1=CN(C2=CC=CC=C12)CCCC=C)C;9.26;CFSRE;Cannabinoids;9.43;9.65;9.69;9.50;9.58;9.57;0.11;0.31;Train;± 0.5 min
MMB-4en-PINACA;UJELURFNWPRFMM-UHFFFAOYSA-N;CC(C(C(=O)OC)NC(=O)C1=NN(C2=CC=CC=C12)CCCC=C)C;9.56;CFSRE;Cannabinoids;9.20;9.77;9.55;9.36;9.63;9.50;0.22;-0.06;Train;± 0.5 min
MMB-CHMICA;ROWZIXRLVUOMCJ-FQEVSTJZSA-N;C1(CCCCC1)CN1C=C(C2=CC=CC=C12)C(=O)N[C@H](C(=O)OC)C(C)C;9.96;CFSRE;Cannabinoids;9.71;9.61;9.79;9.74;9.79;9.73;0.07;-0.23;Train;± 0.5 min
MMB-FUBINACA;FRFFLYJQPCIIQB-SFHVURJKSA-N;FC1=CC=C(C=C1)CN1N=C(C2=CC=CC=C12)C(=O)N[C@H](C(=O)OC)C(C)C;9.42;CFSRE;Cannabinoids;9.64;9.74;9.68;9.54;9.80;9.68;0.10;0.26;Train;± 0.5 min
MMB-FUBINACA 3-Methylbutanoic Acid;XWTKFXNTAUXIRK-KRWDZBQOSA-N;CC(C)[C@@H](C(O)=O)NC(C1=NN(CC2=CC=C(F)C=C2)C3=C1C=CC=C3)=O;8.81;CFSRE;Cannabinoids;9.43;9.81;9.80;9.53;9.77;9.67;0.18;0.86;Optimization;0.5 to 1 min
MN-18;UJKHLVOEXULDRU-UHFFFAOYSA-N;O=C(C1=NN(CCCCC)C2=C1C=CC=C2)NC3=C4C=CC=CC4=CC=C3;10.72;CFSRE;Cannabinoids;9.88;9.73;10.25;10.02;9.92;9.96;0.19;-0.76;Optimization;-1 to -0.5 min
MN-25;VQGDMQICNRCQEH-UHFFFAOYSA-N;O=C(C1=CN(CCN2CCOCC2)C3=C1C=CC=C3OC)N[C@@H]4C(C)(C)[C@]5([H])CC[C@@]4(C)C5;8.44;CFSRE;Cannabinoids;8.74;8.64;9.35;8.32;8.67;8.74;0.37;0.30;Optimization;± 0.5 min
MN-25 2-Methyl Derivative;XWGGGOMMJKYRJR-JRLVAEJTSA-N;O=C(C1=C(C)N(CCN2CCOCC2)C3=C1C=CC=C3OC)N[C@H]4[C@@](C5)(C)CC[C@@]5([H])C4(C)C;8.76;CFSRE;Cannabinoids;8.97;8.75;9.55;8.61;8.92;8.96;0.36;0.20;Test;± 0.5 min
MO-CHMINACA;SUEOBRAXHJBVGY-UHFFFAOYSA-N;O=C(C1=NN(CC2CCCCC2)C3=C1C=CC=C3)OC(C(C)(C)C)C(OC)=O;10.76;CFSRE;Cannabinoids;10.01;9.72;10.22;10.34;10.00;10.06;0.24;-0.70;Optimization;-1 to -0.5 min
MOPPP;QJWOQBGBEFNYKB-UHFFFAOYSA-N;CC(N1CCCC1)C(C2=CC=C(OC)C=C2)=O;4.43;CFSRE;Cathinones;4.24;4.18;4.17;4.40;3.79;4.16;0.22;-0.27;Train;± 0.5 min
MPBP;NXNPGAAZKYDOPW-UHFFFAOYSA-N;CCC(N1CCCC1)C(C2=CC=C(C)C=C2)=O;5.26;CFSRE;Cathinones;5.29;5.25;5.43;5.58;5.19;5.35;0.16;0.09;Validation;± 0.5 min
MPHP;YOSQVMGMENUCDX-UHFFFAOYSA-N;CCCCC(N1CCCC1)C(C2=CC=C(C)C=C2)=O;6.47;CFSRE;Cathinones;6.40;6.49;6.57;6.72;6.37;6.51;0.14;0.04;Train;± 0.5 min
MT-45;IGBRRSIHEGCUEN-UHFFFAOYSA-N;C1(CCCCC1)N1CCN(CC1)C(CC1=CC=CC=C1)C1=CC=CC=C1;7.4;CFSRE;Opioids;7.35;7.31;7.74;7.65;7.58;7.52;0.19;0.12;Validation;± 0.5 min
MeO-MDA;YQYUWUKDEVZFDB-UHFFFAOYSA-N;COC1=CC(=CC2=C1OCO2)CC(N)C;4.31;CFSRE;Phenethylamines;4.18;4.15;4.03;4.13;4.01;4.10;0.07;-0.21;Optimization;± 0.5 min
MePPP;APSJUNFBAXIXLK-UHFFFAOYSA-N;CC(N1CCCC1)C(C2=CC=C(C)C=C2)=O;4.79;CFSRE;Cathinones;4.61;4.68;4.85;4.97;4.55;4.73;0.17;-0.06;Test;± 0.5 min
Medazepam;YLCXGBZIZBEVPZ-UHFFFAOYSA-N;ClC1=CC(C(C2=CC=CC=C2)=NCCN3C)=C3C=C1;6.4;CFSRE;Benzodiazepines;7.32;7.06;7.21;6.96;7.22;7.16;0.14;0.76;Train;0.5 to 1 min
Medetomidine;CUHVIMMYOGQXCV-UHFFFAOYSA-N;CC1=C(C)C(C(C)C2=CN=CN2)=CC=C1;5.73;CFSRE;Unknown;5.82;5.53;6.00;5.78;5.92;5.81;0.18;0.08;Train;± 0.5 min
Mephedrone;YELGFTGWJGBAQU-UHFFFAOYSA-N;CNC(C(=O)C1=CC=C(C=C1)C)C;4.27;CFSRE;Cathinones;4.03;4.03;4.07;4.13;3.79;4.01;0.13;-0.26;Test;± 0.5 min
Meprobamate;NPPQSCRMBWNHMW-UHFFFAOYSA-N;O=C(OCC(COC(=O)N)(C)CCC)N;5.66;CFSRE;Unknown;5.20;5.31;5.48;5.53;5.71;5.45;0.20;-0.21;Test;± 0.5 min
Mescaline;RHCSKNNOAZULRK-UHFFFAOYSA-N;COC1=C(OC)C(OC)=CC(CCN)=C1;3.77;CFSRE;Phenethylamines;3.81;3.81;3.58;3.74;3.58;3.70;0.12;-0.07;Train;± 0.5 min
Mesoridazine;SLVMESMUVMCQIY-UHFFFAOYSA-N;CN1CCCCC1CCN1C2=CC=CC=C2SC2=C1C=C(C=C2)S(C)=O;6.45;CFSRE;Unknown;6.67;6.44;6.63;6.60;6.65;6.60;0.09;0.15;Train;± 0.5 min
Metaxalone;IMWZZHHPURKASS-UHFFFAOYSA-N;CC1=CC(OCC2CN=C(O)O2)=CC(C)=C1;7.08;CFSRE;Unknown;8.22;7.69;7.47;6.98;6.76;7.42;0.58;0.34;Optimization;± 0.5 min
Methacrylfentanyl;YRRFMVAFZJGZNS-UHFFFAOYSA-N;C=C(C)C(N(C1=CC=CC=C1)C2CCN(CCC3=CC=CC=C3)CC2)=O;6.34;CFSRE;Opioids;6.51;6.66;6.71;6.74;6.65;6.65;0.09;0.31;Test;± 0.5 min
Methamphetamine;MYWUZJCMWCOHBA-UHFFFAOYSA-N;CNC(CC1=CC=CC=C1)C;3.82;CFSRE;Phenethylamines;3.71;3.78;3.86;3.87;3.73;3.79;0.07;-0.03;Train;± 0.5 min
Methcathinone;LPLLVINFLBSFRP-UHFFFAOYSA-N;CC(NC)C(C1=CC=CC=C1)=O;3.15;CFSRE;Cathinones;3.08;3.10;3.12;3.24;3.12;3.13;0.06;-0.02;Optimization;± 0.5 min
Methedrone;MQUIHBQDYYAEMH-UHFFFAOYSA-N;CC(NC)C(C1=CC=C(OC)C=C1)=O;3.91;CFSRE;Cathinones;3.35;3.53;3.18;3.83;2.84;3.35;0.37;-0.56;Validation;-1 to -0.5 min
Methiopropamine;HPHUWHKFQXTZPS-UHFFFAOYSA-N;S1C(=CC=C1)CC(C)NC;3.14;CFSRE;Arylalkylamines;3.08;3.09;3.07;2.89;3.10;3.05;0.09;-0.09;Train;± 0.5 min
Methoxetamine;LPKTWLVEGBNOOX-UHFFFAOYSA-N;COC=1C=C(C=CC1)C1(C(CCCC1)=O)NCC;4.97;CFSRE;Arylcyclohexylamines;4.46;4.50;4.55;4.75;4.39;4.53;0.14;-0.44;Test;± 0.5 min
Methoxpropamine;AAVOSBAXDRASAH-UHFFFAOYSA-N;COC=1C=C(C=CC1)C1(C(CCCC1)=O)NCCC;5.44;CFSRE;Arylcyclohexylamines;4.80;4.88;4.88;5.14;4.82;4.91;0.14;-0.53;Test;-1 to -0.5 min
Methoxyacetyl Fentanyl;SADNVKRDSWWFTK-UHFFFAOYSA-N;O=C(N(C1=CC=CC=C1)C2CCN(CCC3=CC=CC=C3)CC2)COC;5.66;CFSRE;Opioids;5.47;5.45;5.79;5.45;5.51;5.53;0.14;-0.13;Optimization;± 0.5 min
Methylenedioxy-PV8;APQUWEZHVKBPTI-UHFFFAOYSA-N;O1COC2=C1C=CC(=C2)C(C(CCCCC)N2CCCC2)=O;6.61;CFSRE;Cathinones;6.21;5.98;5.93;6.26;5.99;6.07;0.15;-0.54;Validation;-1 to -0.5 min
Methylenedioxynitazene;RRRJUZFZCVIDSM-UHFFFAOYSA-N;O1COC2=C1C=CC(=C2)CC2=NC1=C(N2CCN(CC)CC)C=CC(=C1)[N+](=O)[O-];5.94;CFSRE;Opioids;6.19;5.99;6.52;5.91;6.16;6.15;0.23;0.21;Test;± 0.5 min
Methylone;VKEQBMCRQDSRET-UHFFFAOYSA-N;O1COC2=C1C=CC(=C2)C(C(C)NC)=O;3.52;CFSRE;Cathinones;3.53;3.59;3.34;3.56;2.79;3.36;0.33;-0.16;Validation;± 0.5 min
Methylphenidate;DUGOZIWVEXMGBE-UHFFFAOYSA-N;O=C(OC)C(C1CCCCN1)C2=CC=CC=C2;5.05;CFSRE;Piperidines & pyrrolidines;5.32;5.19;5.27;5.34;5.25;5.27;0.06;0.22;Test;± 0.5 min
Metizolam;NQSSWDKQLVBUQN-UHFFFAOYSA-N;CCC(S1)=CC2=C1N3C(CN=C2C4=CC=CC=C4Cl)=NN=C3;7.53;CFSRE;Benzodiazepines;7.31;7.33;7.53;7.52;7.42;7.42;0.10;-0.11;Validation;± 0.5 min
Metonitazene;HNGZTLMRQTVPBH-UHFFFAOYSA-N;C(C)N(CCN1C(=NC2=C1C=CC(=C2)[N+](=O)[O-])CC2=CC=C(C=C2)OC)CC;6.07;CFSRE;Opioids;6.18;6.17;6.34;6.23;6.15;6.22;0.07;0.15;Test;± 0.5 min
Mexiletine;VLPIATFUUWWMKC-UHFFFAOYSA-N;CC(N)COC1=C(C)C=CC=C1C;5.25;CFSRE;Unknown;4.62;4.84;5.35;5.06;5.03;4.98;0.27;-0.27;Train;± 0.5 min
Midazolam;DDLIGBOFAVUZHB-UHFFFAOYSA-N;ClC1=CC=C2C(C(C3=CC=CC=C3F)=NCC4=CN=C(C)N42)=C1;6.37;CFSRE;Benzodiazepines;7.58;7.45;8.03;7.84;7.46;7.67;0.26;1.30;Test;1 to 2 min
Mitragynine;LELBFTMXCIIKKX-QVRQZEMUSA-N;COC1=CC=CC2=C1C3=C([C@@](C[C@H](/C(C(OC)=O)=C\OC)[C@H](CC)C4)([H])N4CC3)N2;6.49;CFSRE;Plants & extracts;6.42;6.80;6.25;6.73;5.87;6.41;0.38;-0.08;Optimization;± 0.5 min
Modafinil;YFGHCGITMMYXAQ-UHFFFAOYSA-N;O=C(N)CS(C(C1=CC=CC=C1)C2=CC=CC=C2)=O;6.4;CFSRE;Unknown;6.42;6.05;6.65;6.37;6.26;6.35;0.22;-0.05;Train;± 0.5 min
Morphine;BQJCRHHNABKAKU-KBQPJGBKSA-N;CN1CC[C@]23C4=C5C=CC(O)=C4O[C@H]2[C@@H](O)C=C[C@H]3[C@H]1C5;1.57;CFSRE;Opioids;2.94;3.23;3.07;3.07;3.06;3.07;0.10;1.50;Train;1 to 2 min
N,N-Didesmethyl U-47700;PLSITOMJRRPKDL-CHWSQXEVSA-N;[H][C@@]1(N)CCCC[C@@]1([H])N(C)C(=O)C1=CC(Cl)=C(Cl)C=C1;6.17;CFSRE;Opioids;5.81;5.72;5.21;6.15;6.01;5.78;0.36;-0.39;Validation;± 0.5 min
N,N-Diethyl Hexedrone;NENXJHRWKCXPEW-UHFFFAOYSA-N;CCCCC(N(CC)CC)C(C1=CC=CC=C1)=O;6.64;CFSRE;Cathinones;6.14;6.25;6.31;6.41;6.05;6.23;0.14;-0.41;Optimization;± 0.5 min
N,N-Dimethylpentylone;PQTJKFUXRBKONZ-UHFFFAOYSA-N;CCCC(N(C)C)C(C1=CC=C(OCO2)C2=C1)=O;5.13;CFSRE;Cathinones;4.99;4.86;4.74;4.91;4.47;4.79;0.20;-0.34;Optimization;± 0.5 min
N-Cyclohexyl Butylone;JUIRPSMGWVYMJT-UHFFFAOYSA-N;O1COC2=C1C=CC(=C2)C(C(CC)NC2CCCCC2)=O;6.2;CFSRE;Cathinones;6.10;5.86;5.87;6.20;5.69;5.94;0.21;-0.26;Test;± 0.5 min
N-Desethyl Isotonitazene;HHBRZWRJZICFRP-UHFFFAOYSA-N;C(C)NCCN1C(=NC2=C1C=CC(=C2)[N+](=O)[O-])CC2=CC=C(C=C2)OC(C)C;6.84;CFSRE;Opioids;5.83;5.87;6.00;5.70;5.59;5.79;0.16;-1.05;Validation;-2 to -1 min
N-Desmethyl U-47700;UOLMIGVJKXDEGR-ZIAGYGMSSA-N;O=C(N(C)[C@H]1[C@H](NC)CCCC1)C2=CC=C(Cl)C(Cl)=C2;6.19;CFSRE;Opioids;5.98;5.86;5.80;6.22;6.21;6.01;0.20;-0.18;Validation;± 0.5 min
N-Ethyl Hexedrone;CWNKMHIETKEBCA-UHFFFAOYSA-N;C(C)NC(C(=O)C1=CC=CC=C1)CCCC;5.81;CFSRE;Cathinones;5.64;5.77;5.91;5.98;5.59;5.78;0.17;-0.03;Train;± 0.5 min
N-Ethyl Pentedrone;QQAHEGDXEXIQPR-UHFFFAOYSA-N;CCCC(NCC)C(C1=CC=CC=C1)=O;5.06;CFSRE;Cathinones;5.13;5.26;5.44;5.46;5.11;5.28;0.16;0.22;Validation;± 0.5 min
N-Ethyl Pentylone;VERDHJIMZYXGIW-UHFFFAOYSA-N;O1COC2=C1C=CC(=C2)C(C(CCC)NCC)=O;5.26;CFSRE;Cathinones;5.19;5.09;4.93;5.12;4.68;5.00;0.21;-0.26;Test;± 0.5 min
N-Ethyl-U-47700;MEBBOQYQMHNKCI-UHFFFAOYSA-N;ClC=1C=C(C(=O)N(CC)C2C(CCCC2)N(C)C)C=CC1Cl;6.68;CFSRE;Opioids;6.38;6.44;6.61;6.56;6.57;6.51;0.10;-0.17;Train;± 0.5 min
N-Ethylbuphedrone;HEPVRDHGUWFXJS-UHFFFAOYSA-N;CCC(NCC)C(C1=CC=CC=C1)=O;4.22;CFSRE;Cathinones;4.54;4.53;4.64;4.83;4.40;4.59;0.16;0.37;Validation;± 0.5 min
N-Isopropyl Butylone;YLUWYCAYKBCHRS-UHFFFAOYSA-N;O1COC2=C1C=CC(=C2)C(C(CC)NC(C)C)=O;5.14;CFSRE;Cathinones;5.15;5.05;4.89;5.08;4.63;4.96;0.21;-0.18;Train;± 0.5 min
N-Methyl Hexylone;LNZBSVNIMBHSAG-UHFFFAOYSA-N;CCCCC(C(=O)c1ccc2c(c1)OCO2)NC;5.78;CFSRE;Cathinones;5.31;5.24;5.08;5.25;4.81;5.14;0.20;-0.64;Validation;-1 to -0.5 min
N-Methyl U-47931E;XQCGUPNNNXRBDG-UHFFFAOYSA-N;BrC1=CC=C(C(=O)N(C)[C@H]2[C@@H](CCCC2)N(C)C)C=C1;5.73;CFSRE;Opioids;5.67;5.58;5.77;5.89;5.83;5.75;0.12;0.02;Optimization;± 0.5 min
N-Phenethyl Noroxymorphone;NDHIGBQXQCVRAU-QLBRKBSLSA-N;C1C[C@]2([C@H]3CC4=C5[C@@]2(CCN3CCC6=CC=CC=C6)[C@H](C1=O)OC5=C(C=C4)O)O;5.41;CFSRE;Opioids;5.46;5.35;5.44;5.47;5.20;5.38;0.11;-0.03;Train;± 0.5 min
N-Piperidinyl Etonitazene;UMGXRAISFRUVKD-UHFFFAOYSA-N;C(C)OC1=CC=C(C=C1)CC1=NC2=C(N1CCN1CCCCC1)C=CC(=C2)[N+](=O)[O-];6.69;CFSRE;Opioids;6.77;6.68;6.89;6.68;6.65;6.74;0.10;0.05;Validation;± 0.5 min
N-Propylamphetamine;VMVXCJCVBKWYTF-UHFFFAOYSA-N;CCCC1=CC=CC=C1CC(C)N;4.97;CFSRE;Phenethylamines;4.86;4.99;5.10;5.29;4.91;5.03;0.17;0.06;Train;± 0.5 min
N-Pyrrolidino Etonitazene;LQZWZCJCEPUKCJ-UHFFFAOYSA-N;C(C)OC1=CC=C(C=C1)CC1=NC2=C(N1CCN1CCCC1)C=CC(=C2)[N+](=O)[O-];6.48;CFSRE;Opioids;6.25;6.25;6.40;6.25;6.16;6.26;0.09;-0.22;Test;± 0.5 min
N-Pyrrolidino Metonitazene;JTTDZHBAEQTIPA-UHFFFAOYSA-N;COC1=CC=C(CC2=NC3=C(N2CCN2CCCC2)C=CC(=C3)[N+](=O)[O-])C=C1;5.85;CFSRE;Opioids;5.85;5.85;6.01;5.88;5.76;5.87;0.09;0.02;Train;± 0.5 min
N-Pyrrolidino Protonitazene;KCRWXNIIXGBPID-UHFFFAOYSA-N;[N+](=O)([O-])C1=CC2=C(N(C(=N2)CC2=CC=C(C=C2)OCCC)CCN2CCCC2)C=C1;6.97;CFSRE;Opioids;6.83;6.73;6.95;6.74;6.74;6.80;0.09;-0.17;Train;± 0.5 min
N-acetyl 25I-NBOMe;WLKCOPSXQXTYQN-UHFFFAOYSA-N;CC(N(CCC1=CC(OC)=C(I)C=C1OC)CC2=CC=CC=C2OC)=O;9.63;CFSRE;Phenethylamines;9.69;9.39;9.45;9.88;9.57;9.60;0.20;-0.03;Train;± 0.5 min
N-benzyl-3,4-DMA;LFUSPXMHTMBJNP-UHFFFAOYSA-N;CC(NCC1=CC=CC=C1)CC2=CC=C(OC)C(OC)=C2;5.63;CFSRE;Phenethylamines;6.76;6.80;7.52;6.14;6.42;6.73;0.52;1.10;Test;1 to 2 min
N-butyl Pentylone;SEIQPCGGBMTHCB-UHFFFAOYSA-N;O1COC2=C1C=CC(=C2)C(C(CCC)NCCCC)=O;6.2;CFSRE;Cathinones;6.18;6.10;6.05;6.22;5.75;6.06;0.18;-0.14;Train;± 0.5 min
N-butyl hexedrone;UCYMCSGVJDYDIO-UHFFFAOYSA-N;CCCCC(NCCCC)C(C1=CC=CC=C1)=O;6.64;CFSRE;Cathinones;6.78;6.91;7.09;7.03;6.78;6.92;0.14;0.28;Test;± 0.5 min
N-ethyl Deschloroketamine;IDLSBAANXISGEI-UHFFFAOYSA-N;C(C)NC1(C(CCCC1)=O)C1=CC=CC=C1;4.5;CFSRE;Arylcyclohexylamines;4.60;4.50;4.54;4.46;4.49;4.52;0.05;0.02;Validation;± 0.5 min
N-ethyl Hexylone;YBBDXHZYADMVNJ-UHFFFAOYSA-N;O1COC2=C1C=CC(=C2)C(C(CCCC)NCC)=O;5.96;CFSRE;Cathinones;5.71;5.66;5.52;5.65;5.25;5.56;0.19;-0.40;Train;± 0.5 min
N-ethyl heptedrone;KCDBNUUMBCYCQC-UHFFFAOYSA-N;C(C)NC(C(=O)C1=CC=CC=C1)CCCCC;6.44;CFSRE;Cathinones;6.17;6.34;6.44;6.47;6.10;6.30;0.16;-0.14;Train;± 0.5 min
N-methyl Carfentanil;KKEVIELPQLXPRR-UHFFFAOYSA-N;O=C(C1(N(C2=CC=CC=C2)C(CC)=O)CCN(C)CC1)OC;5.02;CFSRE;Opioids;3.96;3.88;3.98;3.76;4.01;3.92;0.10;-1.10;Test;-2 to -1 min
N-methyl Cyclopropyl Norfentanyl;QCCRFOCZMVDDGA-UHFFFAOYSA-N;O=C(C1CC1)N(C2CCN(C)CC2)C3=CC=CC=C3;5;CFSRE;Opioids;4.49;4.84;4.74;4.67;4.76;4.70;0.13;-0.30;Validation;± 0.5 min
N-methyl Norfentanyl;PCMUWYHREXSXFM-UHFFFAOYSA-N;CCC(N(C1CCN(C)CC1)C2=CC=CC=C2)=O;4.67;CFSRE;Opioids;4.49;4.72;4.67;4.63;4.72;4.65;0.09;-0.02;Train;± 0.5 min
N-methyltryptamine;NCIKQJBVUNUXLW-UHFFFAOYSA-N;CNCCC1=CNC2=C1C=CC=C2;3.8;CFSRE;Indolalkylamines;3.60;3.85;3.87;3.73;3.62;3.73;0.12;-0.07;Train;± 0.5 min
N-propyl Pentedrone;XRDFYYCTRQFMQB-UHFFFAOYSA-N;CCCC(NCCC)C(C1=CC=CC=C1)=O;5.57;CFSRE;Cathinones;5.77;5.94;6.10;6.11;5.74;5.93;0.17;0.36;Train;± 0.5 min
NM-2201;PRGFSQYZCKCBQO-UHFFFAOYSA-N;O=C(C1=CN(CCCCCF)C2=C1C=CC=C2)OC3=C4C=CC=CC4=CC=C3;10.19;CFSRE;Cannabinoids;10.31;10.03;10.49;10.40;10.13;10.27;0.19;0.08;Train;± 0.5 min
NNEI;GWCQNKRMTGVYIZ-UHFFFAOYSA-N;O=C(C1=CN(CCCCC)C2=C1C=CC=C2)NC3=C4C=CC=CC4=CC=C3;9.92;CFSRE;Cannabinoids;10.10;9.86;10.24;10.05;9.94;10.04;0.14;0.12;Test;± 0.5 min
NPB-22;UWICFJAXLKCHTQ-UHFFFAOYSA-N;O=C(C1=NN(CCCCC)C2=C1C=CC=C2)OC3=C4N=CC=CC4=CC=C3;9.83;CFSRE;Cannabinoids;9.86;9.77;10.06;10.00;9.92;9.92;0.11;0.09;Validation;± 0.5 min
NPP;YDJXNYNKKXZBMP-UHFFFAOYSA-N;O=C1CCN(CCC2=CC=CC=C2)CC1;3.28;CFSRE;Unknown;4.16;4.49;4.79;4.50;4.51;4.49;0.22;1.21;Test;1 to 2 min
Nalbuphine;NETZHAKZCGBWSS-CEDHKZHLSA-N;C1(CCC1)CN1[C@H]2[C@@]3(CC[C@@H]([C@H]4[C@@]3(C=3C(=C(C=CC3C2)O)O4)CC1)O)O;4.28;CFSRE;Unknown;4.39;4.16;4.34;4.47;4.06;4.28;0.17;0.00;Train;± 0.5 min
Naloxone;UZHSEJADLWPNLE-GRGSLBFTSA-N;O=C1[C@@H]2OC3=C(O)C=CC4=C3[C@@]2([C@]5(CC1)O)CCN(CC=C)[C@@H]5C4;3.47;CFSRE;Unknown;4.41;4.01;3.99;4.31;3.91;4.13;0.22;0.66;Optimization;0.5 to 1 min
Naltrexone;DQCKKXVULJGBQN-XFWGSAIBSA-N;[H][C@@]12OC3=C(O)C=CC4=C3[C@]11CCN(CC3CC3)[C@]([H])(C4)[C@@]1(O)CCC2=O;3.8;CFSRE;Opioids;4.28;4.14;3.93;4.26;3.91;4.11;0.18;0.31;Train;± 0.5 min
Naphyrone;DTNUPBSOODGRKW-UHFFFAOYSA-N;CCCC(N1CCCC1)C(C2=CC=C3C=CC=CC3=C2)=O;6.7;CFSRE;Cathinones;6.65;6.62;6.73;6.82;6.47;6.66;0.13;-0.04;Train;± 0.5 min
Nitrazolam;OYRPNABWTHDOFK-UHFFFAOYSA-N;Cc1nnc2n1c1ccc(cc1C(=NC2)c1ccccc1)N(=O)=O;6.75;CFSRE;Benzodiazepines;6.77;6.68;6.77;6.85;6.65;6.74;0.08;-0.01;Train;± 0.5 min
Norbuprenorphine;YOYLLRBMGQRFTN-IOMBULRVSA-N;C[C@]([C@H]1C[C@@]23CC[C@@]1([C@H]4[C@@]25CCN[C@@H]3Cc6c5c(c(cc6)O)O4)OC)(C(C)(C)C)O;5.81;CFSRE;Unknown;5.76;5.45;5.77;5.79;5.47;5.65;0.17;-0.16;Train;± 0.5 min
Norcarfentanil;HFNFODVRYCEIQL-UHFFFAOYSA-N;CCC(=O)N(C1=CC=CC=C1)C2(CCNCC2)C(=O)OC;5.08;CFSRE;Opioids;3.53;3.60;3.48;3.42;3.73;3.55;0.12;-1.53;Validation;-2 to -1 min
Norcodeine;HKOIXWVRNLGFOR-KOFBORESSA-N;COC1=C2C3=C(C[C@@H]4[C@H]5[C@]3(CCN4)[C@@H](O2)[C@H](C=C5)O)C=C1;3.39;CFSRE;Opioids;2.94;3.23;3.09;3.11;3.06;3.09;0.10;-0.30;Train;± 0.5 min
Nordiazepam;AKPLHCDWDRPJGD-UHFFFAOYSA-N;ClC1=CC2=C(C=C1)NC(CN=C2C3=CC=CC=C3)=O;7.68;CFSRE;Benzodiazepines;7.17;7.06;7.39;7.39;7.13;7.23;0.15;-0.45;Optimization;± 0.5 min
Norfentanyl;PMCBDBWCQQBSRJ-UHFFFAOYSA-N;CCC(=O)N(C1CCNCC1)C2=CC=CC=C2;4.63;CFSRE;Opioids;4.27;4.38;4.64;4.53;4.52;4.47;0.14;-0.16;Train;± 0.5 min
Norflunitrazepam;KNGIGRDYBQPXKQ-UHFFFAOYSA-N;O=C1CN=C(C2=CC=CC=C2F)C3=CC([N+]([O-])=O)=CC=C3N1;6.85;CFSRE;Benzodiazepines;6.76;6.75;7.05;7.02;6.63;6.84;0.18;-0.01;Validation;± 0.5 min
Norketamine;BEQZHFIKTBVCAU-UHFFFAOYSA-N;O=C1C(C2=CC=CC=C2Cl)(N)CCCC1;4.45;CFSRE;Arylcyclohexylamines;4.47;4.38;4.45;4.48;4.33;4.42;0.06;-0.03;Train;± 0.5 min
Noroxycodone;RIKMCJUNPCRFMW-ISWURRPUSA-N;COC1=C2C3=C(C[C@@H]4[C@]5([C@]3(CCN4)[C@@H](O2)C(=O)CC5)O)C=C1;3.72;CFSRE;Opioids;3.56;3.74;3.46;3.58;3.43;3.55;0.12;-0.17;Train;± 0.5 min
Norpropoxyphene;IKACRWYHQXOSGM-UTKZUKDTSA-N;[H][C@@](C)(CNC)[C@@](CC1=CC=CC=C1)(OC(=O)CC)C1=CC=CC=C1;7.11;CFSRE;Unknown;6.54;6.36;6.24;6.27;6.69;6.42;0.19;-0.69;Optimization;-1 to -0.5 min
O-Desmethylvenlafaxine;KYYIDSXMWOZKMP-UHFFFAOYSA-N;CN(C)CC(C1=CC=C(O)C=C1)C1(O)CCCCC1;4.61;CFSRE;Unknown;5.33;5.02;5.40;5.06;5.58;5.28;0.24;0.67;Optimization;0.5 to 1 min
ORG 28611;ONXJNAIZJKLJGA-UHFFFAOYSA-N;O=C(C1=CN(CC2CCCCC2)C3=C1C=CC=C3OC)N4CC(C)N(C)CC4;7.73;CFSRE;Cannabinoids;7.82;7.44;7.96;7.43;7.78;7.69;0.24;-0.04;Optimization;± 0.5 min
Ocfentanil;NYISTOZKVCMVEL-UHFFFAOYSA-N;O=C(N(C1=CC=CC=C1F)C2CCN(CCC3=CC=CC=C3)CC2)COC;5.74;CFSRE;Opioids;5.60;5.59;5.98;5.56;5.60;5.67;0.18;-0.07;Test;± 0.5 min
Orphenadrine;QVYRGXJJSLMXQH-UHFFFAOYSA-N;CC1=CC=CC=C1C(C2=CC=CC=C2)OCCN(C)C;6.8;CFSRE;Unknown;6.55;6.40;6.61;6.51;6.63;6.54;0.09;-0.26;Train;± 0.5 min
Oxazepam;ADIMAYPTOBDMTL-UHFFFAOYSA-N;ClC=1C=CC2=C(C(=NC(C(N2)=O)O)C2=CC=CC=C2)C1;7.18;CFSRE;Benzodiazepines;6.70;6.97;7.27;7.13;6.82;6.98;0.23;-0.20;Test;± 0.5 min
Oxycodone;BRUQQQPBMZOVGD-XFKAJCMBSA-N;[H][C@@]12OC3=C(OC)C=CC4=C3[C@]11CCN(C)[C@]([H])(C4)[C@@]1(O)CCC2=O;3.73;CFSRE;Opioids;3.71;3.85;3.64;3.63;3.56;3.68;0.11;-0.05;Train;± 0.5 min
Oxymorphone;UQCNKQCJZOAFTQ-ISWURRPUSA-N;O=C1[C@@H]2OC3=C(O)C=CC4=C3[C@@]2([C@]5(CC1)O)CCN(C)[C@@H]5C4;1.98;CFSRE;Opioids;3.55;3.75;3.50;3.57;3.43;3.56;0.12;1.58;Validation;1 to 2 min
PB-22;ZAVGICCEAOUWFM-UHFFFAOYSA-N;O=C(C1=CN(CCCCC)C2=C1C=CC=C2)OC3=C4N=CC=CC4=CC=C3;10.12;CFSRE;Cannabinoids;10.21;9.99;10.41;10.36;10.16;10.23;0.17;0.11;Train;± 0.5 min
PB-22 3-Carboxyindole;HAPJUNILBCTRIJ-UHFFFAOYSA-N;O=C(C1=CN(CCCCC)C2=C1C=CC=C2)O;8.82;CFSRE;Cannabinoids;8.35;8.56;8.68;8.60;8.37;8.51;0.14;-0.31;Train;± 0.5 min
PCP;JTJMJGYZQZDUJJ-UHFFFAOYSA-N;N1(C2(C3=CC=CC=C3)CCCCC2)CCCCC1;5.93;CFSRE;Arylcyclohexylamines;6.19;5.85;6.03;5.99;5.99;6.01;0.12;0.08;Test;± 0.5 min
PF-03550096;GGNIFXBIJCNXCT-UHFFFAOYSA-N;O=C(N1C2=CC=CC=C2N(CCC(C)(O)C)C1=O)N[C@@H](C(C)(C)C)C(N)=O;7.63;CFSRE;Cannabinoids;6.84;6.52;6.71;6.60;6.62;6.66;0.12;-0.97;Optimization;-1 to -0.5 min
PMA;NEGYEDYHPHMHGK-UHFFFAOYSA-N;CC(N)CC1=CC=C(OC)C=C1;3.99;CFSRE;Phenethylamines;4.06;4.43;4.34;4.23;4.00;4.21;0.18;0.22;Optimization;± 0.5 min
PMMA;UGFMBZYKVQSQFX-UHFFFAOYSA-N;CC(NC)CC1=CC=C(OC)C=C1;4.15;CFSRE;Phenethylamines;4.44;4.81;4.74;4.62;4.39;4.60;0.18;0.45;Optimization;± 0.5 min
PTI-1;PCNLLVFKBKMRDB-UHFFFAOYSA-N;CCN(CC)CC1=CSC(C2=CN(CCCCC)C3=C2C=CC=C3)=N1;8.57;CFSRE;Cannabinoids;8.55;8.46;8.74;8.45;9.01;8.64;0.24;0.07;Train;± 0.5 min
PTI-2;PSAKYYVEVVAWJL-UHFFFAOYSA-N;CCCCCn1cc(-c2nc(CN(CCOC)C(C)C)cs2)c2ccccc21;8.8;CFSRE;Cannabinoids;8.75;7.89;8.10;7.93;8.62;8.26;0.40;-0.54;Train;-1 to -0.5 min
PX1;DDVANTXQCRMRFF-UHFFFAOYSA-N;O=C(N)[C@H](CC1=CC=CC=C1)NC(C2=CN(CCCCCF)C3=C2C=CC=C3)=O;8.23;CFSRE;Cannabinoids;8.61;8.42;8.52;8.45;8.54;8.51;0.07;0.28;Train;± 0.5 min
Pentazocine;VOKSWYLNZZRQPF-UHFFFAOYSA-N;CC12CCN(C(CC3=C1C=C(C=C3)O)C2C)CC=C(C)C;5.78;CFSRE;Unknown;6.74;6.27;6.70;6.62;6.57;6.58;0.18;0.80;Train;0.5 to 1 min
Pentedrone;WLIWIUNEJRETFX-UHFFFAOYSA-N;O=C(C(CCC)NC)C1=CC=CC=C1;4.76;CFSRE;Cathinones;4.75;4.75;4.85;4.99;4.57;4.78;0.15;0.02;Train;± 0.5 min
Pentylone;DFMLULIEUUXXSA-UHFFFAOYSA-N;CCCC(NC)C(C1=CC=C(OCO2)C2=C1)=O;4.98;CFSRE;Cathinones;4.73;4.66;4.51;4.70;4.19;4.56;0.23;-0.42;Train;± 0.5 min
Phenazepam;CGMJQQJSWIRRRL-UHFFFAOYSA-N;BrC=1C=CC2=C(C(=NCC(N2)=O)C2=C(C=CC=C2)Cl)C1;7.86;CFSRE;Benzodiazepines;7.85;7.93;8.03;8.05;7.83;7.94;0.10;0.08;Train;± 0.5 min
Phenazolam;BUTCFAZTKZDYCN-UHFFFAOYSA-N;BrC=1C=CC2=C(C(=NCC=3N2C(=NN3)C)C3=C(C=CC=C3)Cl)C1;7.62;CFSRE;Benzodiazepines;7.55;7.54;7.80;7.77;7.57;7.65;0.13;0.03;Train;± 0.5 min
Phenibut;DAFOCGYVTAOKAJ-UHFFFAOYSA-N;O=C(O)CC(C1=CC=CC=C1)CN;2.03;CFSRE;Unknown;2.28;2.19;2.24;2.48;2.06;2.25;0.15;0.22;Train;± 0.5 min
Phenmetrazine;OOBHFESNSZDWIU-UHFFFAOYSA-N;CC1NCCOC1C2=CC=CC=C2;3.74;CFSRE;Unknown;3.46;3.50;4.05;3.91;3.70;3.72;0.25;-0.02;Validation;± 0.5 min
Phenpromethamine;AUFSOOYCQYDGES-UHFFFAOYSA-N;CC(CNC)C1=CC=CC=C1;3.76;CFSRE;Unknown;3.77;3.47;4.12;3.86;3.99;3.84;0.24;0.08;Train;± 0.5 min
Phenylacetyl Fentanyl;QIGINNCOUQLAIF-UHFFFAOYSA-N;C1(=CC=CC=C1)N(C(CC1=CC=CC=C1)=O)C1CCN(CC1)CCC1=CC=CC=C1;7.3;CFSRE;Opioids;7.08;7.11;7.28;7.25;7.09;7.16;0.10;-0.14;Train;± 0.5 min
Phenylbenzyl fentanyl;TVPYSIMEYHFHLN-UHFFFAOYSA-N;O=C(N(C1CCN(CC2=CC=CC=C2)CC1)C3=CC=CC=C3)C4=CC=CC=C4;6.56;CFSRE;Opioids;6.98;7.10;7.11;7.17;7.04;7.08;0.07;0.52;Test;0.5 to 1 min
Phenylfentanyl;BJPDWVPQDSVQKD-UHFFFAOYSA-N;O=C(N(C1CCN(CCC2=CC=CC=C2)CC1)C3=CC=CC=C3)C4=CC=CC=C4;6.89;CFSRE;Opioids;7.18;7.19;7.31;7.30;7.17;7.23;0.07;0.34;Train;± 0.5 min
Phenylpropanolamine;DLNKOYKMWOXYQA-CBAPKCEASA-N;N[C@H]([C@H](O)C1=CC=CC=C1)C;2.31;CFSRE;Phenethylamines;2.33;2.41;2.58;2.75;2.29;2.47;0.19;0.16;Train;± 0.5 min
Piperidylthiambutene;FQRWJLVMJCKSME-UHFFFAOYSA-N;CC(C=C(C=1SC=CC1)C=1SC=CC1)N1CCCCC1;6.77;CFSRE;Opioids;6.71;7.10;7.05;6.90;7.16;6.98;0.18;0.21;Train;± 0.5 min
Pivaloylfentanyl;ZSFLALBHNJDBFJ-UHFFFAOYSA-N;CC(C(=O)N(C1CCN(CC1)CCC1=CC=CC=C1)C1=CC=CC=C1)(C)C;7.23;CFSRE;Opioids;7.08;7.16;7.23;7.28;7.21;7.19;0.08;-0.04;Train;± 0.5 min
Pravadoline;MEUQWHZOUDZXHH-UHFFFAOYSA-N;O=C(C1=CC=C(OC)C=C1)C2=C(C)N(CCN3CCOCC3)C4=C2C=CC=C4;6.78;CFSRE;Cannabinoids;8.17;8.11;8.60;7.78;7.78;8.09;0.34;1.31;Test;1 to 2 min
Primidone;DQMZLTXERSFNPB-UHFFFAOYSA-N;CCC1(C(O)=NCN=C1O)C1=CC=CC=C1;4.75;CFSRE;Unknown;6.59;6.03;6.53;5.75;5.85;6.15;0.39;1.40;Optimization;1 to 2 min
Propoxyphene;XLMALTXPSGQGBX-GCJKJVERSA-N;[H][C@@](C)(CN(C)C)[C@@](CC1=CC=CC=C1)(OC(=O)CC)C1=CC=CC=C1;7.13;CFSRE;Opioids;6.71;6.74;7.11;7.00;7.00;6.91;0.18;-0.22;Test;± 0.5 min
Propylone;YFVKHKCZBSGZPE-UHFFFAOYSA-N;CC(NCCC)C(C1=CC=C(OCO2)C2=C1)=O;4.55;CFSRE;Cathinones;4.60;4.52;4.39;4.57;4.04;4.42;0.23;-0.13;Train;± 0.5 min
Psilocin;SPCIYGNTAMCTRO-UHFFFAOYSA-N;OC=1C=CC=C2NC=C(CCN(C)C)C12;3;CFSRE;Indolalkylamines;3.14;3.17;3.35;3.29;2.87;3.16;0.18;0.16;Train;± 0.5 min
Psilocybin;QVDSEJDULKLHCG-UHFFFAOYSA-N;CN(C)CCC1=CNC2=C1C(=CC=C2)OP(=O)(O)O;1.13;CFSRE;Indolalkylamines;1.35;1.39;1.09;1.16;1.14;1.22;0.14;0.09;Train;± 0.5 min
Pyrazolam;BGRWSFIQQPVEML-UHFFFAOYSA-N;CC1=NN=C2N1C3=CC=C(Br)C=C3C(C4=NC=CC=C4)=NC2;6.18;CFSRE;Benzodiazepines;7.08;7.18;7.08;7.06;6.99;7.08;0.07;0.90;Validation;0.5 to 1 min
Pyrilamine;YECBIJXISLIIDS-UHFFFAOYSA-N;COC1=CC=C(CN(CCN(C)C)C2=CC=CC=N2)C=C1;5.69;CFSRE;Unknown;4.73;5.19;5.89;5.55;5.25;5.32;0.43;-0.37;Train;± 0.5 min
Pyrovalerone;SWUVZKWCOBGPTH-UHFFFAOYSA-N;CCCC(N1CCCC1)C(C2=CC=C(C)C=C2)=O;5.86;CFSRE;Cathinones;5.84;5.86;6.01;6.13;5.71;5.91;0.16;0.05;Optimization;± 0.5 min
RCS-4;OZCYJKDWRUIFFE-UHFFFAOYSA-N;COC1=CC=C(C=C1)C(=O)C1=CN(C2=CC=CC=C12)CCCCC;9.98;CFSRE;Cannabinoids;10.17;9.88;10.61;10.61;10.15;10.28;0.32;0.30;Test;± 0.5 min
RCS-4 C4 Homolog;INTUAOVLJFCJIP-UHFFFAOYSA-N;O=C(C1=CC=C(OC)C=C1)C2=CN(CCCC)C3=C2C=CC=C3;9.57;CFSRE;Cannabinoids;9.84;9.61;10.40;10.49;9.95;10.06;0.38;0.49;Test;± 0.5 min
RCS-8;BSQFBMXCQIKYNI-UHFFFAOYSA-N;COC1=CC=CC=C1CC(C2=CN(CCC3CCCCC3)C4=C2C=CC=C4)=O;10.68;CFSRE;Cannabinoids;10.17;10.03;10.52;10.01;10.19;10.18;0.21;-0.50;Train;± 0.5 min
Remifentanyl Acid;GFJKFSFFMHOISI-UHFFFAOYSA-N;O=C(O)CCN1CCC(N(C(CC)=O)C2=CC=CC=C2)(C(OC)=O)CC1;5.21;CFSRE;Opioids;5.32;5.21;5.22;5.12;4.84;5.14;0.18;-0.07;Train;± 0.5 min
SDB-005;JBVNFKZVDLFOAY-UHFFFAOYSA-N;O=C(C1=NN(CCCCC)C2=C1C=CC=C2)OC3=C4C=CC=CC4=CC=C3;10.74;CFSRE;Cannabinoids;10.43;10.20;10.75;10.67;10.43;10.50;0.22;-0.24;Train;± 0.5 min
SDB-006;OLACYTSBFXCDOH-UHFFFAOYSA-N;O=C(C1=CN(CCCCC)C2=C1C=CC=C2)NCC3=CC=CC=C3;9.53;CFSRE;Cannabinoids;9.45;9.48;9.71;9.59;9.45;9.53;0.11;0.00;Train;± 0.5 min
SDB-006 N-Phenyl Analogue;SPUQBSMPSCYQLS-UHFFFAOYSA-N;O=C(C1=CN(CCCCC)C2=C1C=CC=C2)NC3=CC=CC=C3;9.63;CFSRE;Cannabinoids;9.71;9.54;9.99;9.61;9.54;9.68;0.19;0.05;Validation;± 0.5 min
SER-601;KUMKLUDNETVLDS-UHFFFAOYSA-N;O=C(C1=CN(CCCCC)C2=C(C=C(C(C)C)C=C2)C1=O)NC34CC5CC(C4)CC(C5)C3;11.58;CFSRE;Cannabinoids;10.09;10.89;11.50;10.90;10.50;10.78;0.52;-0.80;Train;-1 to -0.5 min
STS-135;COYHGVCHRRXECF-UHFFFAOYSA-N;O=C(C1=CN(CCCCCF)C2=C1C=CC=C2)NC34CC5CC(C4)CC(C5)C3;10.25;CFSRE;Cannabinoids;9.24;9.32;9.41;9.35;9.30;9.32;0.06;-0.93;Optimization;-1 to -0.5 min
Salvinorin A;OBSYBRPAKCASQB-AGQYDFLVSA-N;O=C([C@@H]1C[C@H](OC(C)=O)C([C@]([C@@]1(C)CC[C@]23[H])([H])[C@@]2(C)C[C@@H](C4=COC=C4)OC3=O)=O)OC;7.98;CFSRE;Plants & extracts;7.43;7.83;7.61;7.87;7.58;7.67;0.18;-0.31;Optimization;± 0.5 min
Salvinorin B;BLTMVAIOAAGYAR-CEFSSPBYSA-N;O=C([C@@H]1C[C@H](O)C([C@]([C@@]1(C)CC[C@]23[H])([H])[C@@]2(C)C[C@@H](C4=COC=C4)OC3=O)=O)OC;6.81;CFSRE;Plants & extracts;6.52;6.95;6.86;6.99;6.77;6.82;0.19;0.01;Train;± 0.5 min
Scopolamine;STECJAGHUSJQJN-FWXGHANASA-N;[H][C@](CO)(C(=O)O[C@]1([H])C[C@@]2([H])N(C)[C@@]([H])(C1)[C@]1([H])O[C@]21[H])C1=CC=CC=C1;3.76;CFSRE;Unknown;3.82;3.60;3.58;3.78;3.65;3.69;0.11;-0.07;Train;± 0.5 min
Senecioyl Fentanyl;PJBSYEBTXWQUEB-UHFFFAOYSA-N;CC(C)=CC(N(C1CCN(CCC2=CC=CC=C2)CC1)C3=CC=CC=C3)=O;6.88;CFSRE;Opioids;6.81;6.91;6.95;7.01;6.89;6.91;0.07;0.03;Train;± 0.5 min
Sertraline;VGKDLMBJGBXTGI-SJCJKPOMSA-N;ClC1=CC=C([C@H]2C3=C([C@H](CC2)NC)C=CC=C3)C=C1Cl;7.59;CFSRE;Unknown;11.26;8.70;10.56;9.38;9.61;9.90;1.01;2.31;Test;> 2 min
Sibutramine;UNAANXDKBXWMLN-UHFFFAOYSA-N;CC(C)CC(C1(C2=CC=C(Cl)C=C2)CCC1)N(C)C;7.49;CFSRE;Unknown;10.32;8.31;9.93;8.73;9.18;9.30;0.83;1.81;Optimization;1 to 2 min
Strychnine;QMGVPVSNSZLJIA-FVWCLLPLSA-N;[H][C@]12C[C@@]3([H])C4=CCO[C@@]5([H])CC(=O)N6C7=CC=CC=C7[C@]1(CCN2C4)[C@]6([H])[C@@]35[H];4.34;CFSRE;Unknown;4.37;4.19;4.50;4.47;4.29;4.36;0.13;0.02;Train;± 0.5 min
Sufentanil;GGCSSNBKKAUURC-UHFFFAOYSA-N;CCC(N(C1(COC)CCN(CCC2=CC=CS2)CC1)C3=CC=CC=C3)=O;6.89;CFSRE;Opioids;5.95;6.21;6.23;6.04;6.01;6.09;0.12;-0.80;Test;-1 to -0.5 min
TFMPP;KKIMDKMETPPURN-UHFFFAOYSA-N;FC(C=1C=C(C=CC1)N1CCNCC1)(F)F;5.67;CFSRE;Piperazine derivates;5.56;5.49;5.77;5.45;5.01;5.45;0.28;-0.22;Train;± 0.5 min
THJ;YAYIQXMTUCPLHG-UHFFFAOYSA-N;O=C(C1=NN(CCCCC)C2=C1C=CC=C2)NC3=C4N=CC=CC4=CC=C3;11.09;CFSRE;Cannabinoids;9.05;9.13;9.49;9.45;9.27;9.28;0.19;-1.81;Train;-2 to -1 min
THJ-018;VAKGBPSFDNTMDJ-UHFFFAOYSA-N;O=C(C1=C2C=CC=CC2=CC=C1)C3=NN(CCCCC)C4=C3C=CC=C4;10.72;CFSRE;Cannabinoids;10.18;9.96;10.62;10.30;10.24;10.26;0.24;-0.46;Validation;± 0.5 min
THJ-2201;DULWRYKFTVFPTL-UHFFFAOYSA-N;O=C(C1=NN(CCCCCF)C2=C1C=CC=C2)C3=C4C=CC=CC4=CC=C3;10.05;CFSRE;Cannabinoids;9.74;9.66;10.10;9.92;9.81;9.85;0.17;-0.20;Optimization;± 0.5 min
Tadalafil;WOXKDUGGOYFFRN-IIBYNOLFSA-N;O=C1N(CC(N2[C@@H]1CC3=C([C@H]2C4=CC5=C(OCO5)C=C4)NC6=C3C=CC=C6)=O)C;7.39;CFSRE;Unknown;7.60;7.23;7.44;8.30;6.93;7.50;0.51;0.11;Validation;± 0.5 min
Tapentadol;KWTWDQCKEHXFFR-SMDDNHRTSA-N;CN(C[C@@H]([C@@H](CC)C=1C=C(C=CC1)O)C)C;5.16;CFSRE;Opioids;5.63;5.53;5.05;5.97;5.82;5.60;0.35;0.44;Validation;± 0.5 min
Tenocyclidine;JUZZEWSCNBCFRL-UHFFFAOYSA-N;S1C(=CC=C1)C1(CCCCC1)N1CCCCC1;5.75;CFSRE;Arylcyclohexylamines;6.20;6.02;6.08;6.05;6.09;6.09;0.07;0.34;Optimization;± 0.5 min
Tertylone;BFOZYEAQPUMNIY-UHFFFAOYSA-N;CC(NC(C)(C)C)C(C1=CC=C(OCO2)C2=C1)=O;4.94;CFSRE;Cathinones;4.80;4.65;4.56;4.72;4.26;4.60;0.21;-0.34;Train;± 0.5 min
Tetrahydrofuran Fentanyl;OHJNHKUFSKAANI-UHFFFAOYSA-N;O=C(C1OCCC1)N(C2=CC=CC=C2)C3CCN(CCC4=CC=CC=C4)CC3;5.9;CFSRE;Opioids;5.96;5.96;6.03;6.06;5.97;6.00;0.04;0.10;Train;± 0.5 min
Tetrahydrothiophene Fentanyl;RABQLHAVXBEJOF-UHFFFAOYSA-N;O=C(C1CCCS1)N(C2CCN(CCC3=CC=CC=C3)CC2)C4=CC=CC=C4;6.72;CFSRE;Opioids;6.61;6.75;6.75;6.81;6.70;6.72;0.08;0.00;Validation;± 0.5 min
Thebaine;FQXXSQDCDRQNQE-VMDGZTHMSA-N;COC1=CC=C2[C@@H](C3)N(C)CC[C@@]24C5=C3C=CC(OC)=C5O[C@@H]14;5.02;CFSRE;Unknown;4.57;4.30;4.81;4.43;4.58;4.54;0.19;-0.48;Optimization;± 0.5 min
Thienyl Fentanyl;JSOSWRYHPGIWGT-UHFFFAOYSA-N;CCC(N(C1=CC=CC=C1)C2CCN(CC3=CC=CS3)CC2)=O;5.75;CFSRE;Opioids;5.79;5.95;5.88;5.88;5.87;5.87;0.06;0.12;Optimization;± 0.5 min
Thiofentanyl;YMRFZDHYDKZXPA-UHFFFAOYSA-N;CCC(N(C1=CC=CC=C1)C2CCN(CCC3=CC=CS3)CC2)=O;6.02;CFSRE;Opioids;5.92;5.98;6.04;6.04;6.04;6.00;0.05;-0.02;Train;± 0.5 min
Thiophene Fentanyl;CCHPKGYUIHSQIE-UHFFFAOYSA-N;O=C(C1=CC=CS1)N(C2CCN(CCC3=CC=CC=C3)CC2)C4=CC=CC=C4;6.84;CFSRE;Opioids;7.13;7.19;7.20;7.35;7.19;7.21;0.08;0.37;Train;± 0.5 min
Tramadol;TVYLLZQTGLZFBW-UHFFFAOYSA-N;O[C@@]1(C2=CC=CC(OC)=C2)[C@@H](CN(C)C)CCCC1;4.94;CFSRE;Opioids;4.88;4.82;5.24;5.00;5.10;5.01;0.17;0.07;Validation;± 0.5 min
Tranylcypromine;AELCINSCMGFISI-DTWKUNHWSA-N;[H][C@@]1(N)C[C@@]1([H])C1=CC=CC=C1;5.45;CFSRE;Unknown;3.05;3.01;3.07;2.87;3.02;3.00;0.08;-2.45;Optimization;< -2min
Triazolam;JOFWLTCLBGQGBO-UHFFFAOYSA-N;ClC1=CC=CC=C1C2=NCC3=NN=C(C)N3C4=CC=C(Cl)C=C42;7.47;CFSRE;Benzodiazepines;7.49;7.47;7.70;7.63;7.46;7.55;0.11;0.08;Train;± 0.5 min
Trimethoxyamphetamine;TVSIMAWGATVNGK-UHFFFAOYSA-N;CC(N)CC1=CC(OC)=C(OC)C=C1OC;4.37;CFSRE;Phenethylamines;4.27;4.47;4.19;4.34;4.24;4.30;0.11;-0.07;Train;± 0.5 min
U-47700;JGPNMZWFVRQNGU-UHFFFAOYSA-N;O=C(N([C@H]1[C@H](N(C)C)CCCC1)C)C2=CC=C(Cl)C(Cl)=C2;6.21;CFSRE;Opioids;6.14;6.10;6.34;6.33;6.36;6.25;0.12;0.04;Train;± 0.5 min
U-47931E;UFDJFJYMMIZKLG-ZIAGYGMSSA-N;O=C(NC1C(N(C)C)CCCC1)C2=CC=C(Br)C=C2;5.82;CFSRE;Opioids;5.46;5.38;5.29;5.65;5.62;5.48;0.15;-0.34;Validation;± 0.5 min
U-48520;VATXTTIUXCECJO-HUUCEWRRSA-N;ClC1=CC=C(C(=O)N(C)[C@H]2[C@@H](CCCC2)N(C)C)C=C1;5.53;CFSRE;Opioids;5.54;5.50;5.63;5.75;5.69;5.62;0.10;0.09;Optimization;± 0.5 min
U-48800;FKUWIGXXBMULOI-UHFFFAOYSA-N;ClC1=C(C=CC(=C1)Cl)CC(=O)N(C)C1[C@H](CCCC1)N(C)C;6.7;CFSRE;Opioids;6.03;5.97;6.32;6.31;6.23;6.17;0.16;-0.53;Train;-1 to -0.5 min
U-49900;AXACJBKFKCCIOR-IAGOWNOFSA-N;ClC=1C=C(C(=O)N(C)[C@H]2[C@@H](CCCC2)N(CC)CC)C=CC1Cl;6.5;CFSRE;Opioids;6.65;6.75;6.76;6.83;6.72;6.75;0.06;0.25;Train;± 0.5 min
U-50488;VQLPLYSROCPWFF-QZTJIDSGSA-N;ClC=1C=C(C=CC1Cl)CC(=O)N([C@H]1[C@@H](CCCC1)N1CCCC1)C;6.91;CFSRE;Opioids;6.32;6.31;6.41;6.55;6.38;6.39;0.10;-0.52;Test;-1 to -0.5 min
U-51754;ISJUYFBACBKWBV-HOTGVXAUSA-N;ClC=1C=C(C=CC1Cl)CC(=O)N(C)[C@H]1[C@@H](CCCC1)N(C)C;6.82;CFSRE;Unknown;6.78;6.64;7.07;6.66;6.80;6.79;0.17;-0.03;Train;± 0.5 min
U-62066;NYKCGQQJNVPOLU-KCZVDYSFSA-N;ClC=1C=C(C=CC1Cl)CC(=O)N([C@H]1[C@@H](C[C@@]2(CCCO2)CC1)N1CCCC1)C;6.95;CFSRE;Opioids;6.13;6.47;6.32;6.31;6.26;6.30;0.12;-0.65;Optimization;-1 to -0.5 min
U-69593;PGZRDDYTKFZSFR-ONTIZHBOSA-N;CN(C1CCC2(CCCO2)CC1N3CCCC3)C(=O)CC4=CC=CC=C4;5.62;CFSRE;Unknown;5.21;5.22;5.02;5.10;5.25;5.16;0.10;-0.46;Test;± 0.5 min
UF-17;FYMBNVYLYZOADF-UHFFFAOYSA-N;CN(C1C(CCCC1)N(C(CC)=O)C1=CC=CC=C1)C;5.61;CFSRE;Opioids;5.45;5.51;5.65;5.60;5.63;5.57;0.09;-0.04;Train;± 0.5 min
UR-144;NBMMIBNZVQFQEO-UHFFFAOYSA-N;O=C(C1=CN(CCCCC)C2=C1C=CC=C2)C3C(C)(C)C3(C)C;10.7;CFSRE;Cannabinoids;9.99;9.87;10.46;10.18;10.05;10.11;0.23;-0.59;Train;-1 to -0.5 min
UR-144 N-(5-Chloropentyl) Analogue;CKIOITGXSRFWIS-UHFFFAOYSA-N;O=C(C1=CN(CCCCCCl)C2=C1C=CC=C2)C3C(C)(C)C3(C)C;10.46;CFSRE;Cannabinoids;9.93;9.84;10.46;10.42;9.99;10.13;0.29;-0.33;Train;± 0.5 min
UR-144 N-Heptyl Analogue;VMYRYXPWWCSDCO-UHFFFAOYSA-N;O=C(C1=CN(CCCCCCC)C2=C1C=CC=C2)C3C(C)(C)C3(C)C;11.35;CFSRE;Cannabinoids;10.43;10.27;10.78;10.63;10.30;10.48;0.22;-0.87;Train;-1 to -0.5 min
UR-144 N-Pentanoic Acid;UUTHIAPDCFFQKQ-UHFFFAOYSA-N;O=C(O)CCCCN1C=C(C(C2C(C)(C)C2(C)C)=O)C3=C1C=CC=C3;9.27;CFSRE;Cannabinoids;9.31;8.94;9.22;9.11;9.11;9.14;0.14;-0.13;Train;± 0.5 min
URB-447;KGXYGMKEFDUWNB-UHFFFAOYSA-N;O=C(C1=C(C)N(CC2=CC=C(Cl)C=C2)C(C3=CC=CC=C3)=C1N)C4=CC=CC=C4;9.68;CFSRE;Cannabinoids;10.45;10.21;10.61;10.43;10.34;10.41;0.15;0.73;Test;0.5 to 1 min
Urea Fentanyl;CNNWEBFAZNLXKY-UHFFFAOYSA-N;O=C(N(C1=CC=CC=C1)C2CCN(CCC3=CC=CC=C3)CC2)N(C)C;6.39;CFSRE;Opioids;5.54;5.77;5.84;5.86;5.80;5.76;0.13;-0.63;Validation;-1 to -0.5 min
Valerylfentanyl;VCCPXHWAJYWQMR-UHFFFAOYSA-N;CCCCC(N(C1=CC=CC=C1)C2CCN(CCC3=CC=CC=C3)CC2)=O;7.17;CFSRE;Opioids;6.97;7.05;7.10;7.21;7.05;7.08;0.09;-0.09;Validation;± 0.5 min
Venlafaxine;PNVNVHUZROJLTJ-UHFFFAOYSA-N;OC1(C(C2=CC=C(OC)C=C2)CN(C)C)CCCCC1;5.78;CFSRE;Unknown;5.56;5.20;5.46;5.24;5.79;5.45;0.25;-0.33;Validation;± 0.5 min
W18;BKRSVROQVRTSND-VZCXRCSSSA-N;C1CCN(/C(=N\S(=O)(=O)C2=CC=C(C=C2)Cl)/C1)CCC3=CC=C(C=C3)[N+](=O)[O-];8.75;CFSRE;Opioids;9.48;8.72;8.52;9.43;8.83;9.00;0.43;0.25;Optimization;± 0.5 min
WIN-54,461;DUYGSAPQVOBOCS-UHFFFAOYSA-N;O=C(C1=C(C)N(CCN2CCOCC2)C3=C1C=CC(Br)=C3)C4=CC=C(OC)C=C4;8.13;CFSRE;Cannabinoids;8.28;7.96;8.23;7.86;8.22;8.11;0.19;-0.02;Train;± 0.5 min
XLR-11;PXLDPUUMIHVLEC-UHFFFAOYSA-N;O=C(C1=CN(CCCCCF)C2=C1C=CC=C2)C3C(C)(C)C3(C)C;10.02;CFSRE;Cannabinoids;9.53;9.52;10.11;10.08;9.69;9.79;0.29;-0.23;Validation;± 0.5 min
XLR-11 N-(4-Pentenyl) Analogue;NXTLUQFOTQPMOD-UHFFFAOYSA-N;O=C(C1=CN(CCCC=C)C2=C1C=CC=C2)C3C(C)(C)C3(C)C;10.5;CFSRE;Cannabinoids;9.72;9.63;10.23;10.00;9.79;9.87;0.24;-0.63;Optimization;-1 to -0.5 min
XLR-12;PEXYKZYTXIEEOB-UHFFFAOYSA-N;O=C(C1C(C)(C)C1(C)C)C2=CN(CCCC(F)(F)F)C3=C2C=CC=C3;10.21;CFSRE;Cannabinoids;9.85;9.77;10.37;10.21;9.97;10.04;0.25;-0.17;Train;± 0.5 min
Yohimbine;BLGXFZZNTVWLAY-SCYLSFHTSA-N;COC(=O)C1C(CCC2C1CC3C4=C(CCN3C2)C5=CC=CC=C5N4)O;5.32;CFSRE;Plants & extracts;5.20;5.52;5.33;5.26;5.10;5.28;0.16;-0.04;Train;± 0.5 min
Zonisamide;UBQNRHZMVUUOMG-UHFFFAOYSA-N;NS(=O)(=O)CC1=NOC2=CC=CC=C12;4.59;CFSRE;Unknown;4.41;4.43;4.61;4.55;4.44;4.49;0.09;-0.10;Train;± 0.5 min
a-Methylacetyl Fentanyl;OKTLVZBUKMRPLL-UHFFFAOYSA-N;CC(N(C1=CC=CC=C1)C2CCN(C(C)CC3=CC=CC=C3)CC2)=O;5.95;CFSRE;Opioids;5.91;6.01;6.09;6.08;6.03;6.02;0.07;0.07;Optimization;± 0.5 min
alpha'-Methyl Butyrylfentanyl;DRAWSQJHCQAWNN-UHFFFAOYSA-N;CC(C(=O)N(C1CCN(CC1)CCC1=CC=CC=C1)C1=CC=CC=C1)CC;7.11;CFSRE;Opioids;7.01;7.09;7.16;7.21;7.12;7.12;0.07;0.01;Train;± 0.5 min
alpha-Methyl fentanyl;NGTVDHYUFBKWID-UHFFFAOYSA-N;CCC(N(C1CCN(C(C)CC2=CC=CC=C2)CC1)C3=CC=CC=C3)=O;6.36;CFSRE;Opioids;6.54;6.65;6.68;6.74;6.64;6.65;0.07;0.29;Optimization;± 0.5 min
alpha-PCYP;FKEHRWJWTWDTDB-UHFFFAOYSA-N;C1(CCCCC1)C(C(=O)C1=CC=CC=C1)N1CCCC1;6.44;CFSRE;Cathinones;6.29;6.31;6.38;6.52;6.17;6.33;0.13;-0.11;Train;± 0.5 min
alpha-PiHP;UOZWZANRCOALQL-UHFFFAOYSA-N;CC(CC(C(=O)C1=CC=CC=C1)N1CCCC1)C;5.79;CFSRE;Cathinones;5.55;5.56;5.68;5.80;5.37;5.59;0.16;-0.20;Train;± 0.5 min
b-Hydroxythiofentanyl;GLAAETOTOUGGSB-UHFFFAOYSA-N;CCC(N(C1CCN(CC(O)C2=CC=CS2)CC1)C3=CC=CC=C3)=O;5.66;CFSRE;Opioids;5.28;5.62;5.58;5.39;5.39;5.45;0.14;-0.21;Test;± 0.5 min
beta-Hydroxy Fentanyl;JEFVHLMGRUJLET-UHFFFAOYSA-N;CCC(N(C1CCN(CC(O)C2=CC=CC=C2)CC1)C3=CC=CC=C3)=O;5.91;CFSRE;Opioids;5.43;5.61;6.00;5.47;5.47;5.60;0.23;-0.31;Validation;± 0.5 min
beta-Methyl fentanyl;UXIGUKSHASXDNI-UHFFFAOYSA-N;CCC(N(C1=CC=CC=C1)C2CCN(CC(C3=CC=CC=C3)C)CC2)=O;6.58;CFSRE;Opioids;6.55;6.62;6.63;6.75;6.60;6.63;0.08;0.05;Train;± 0.5 min
bk-EABDI;VJXZPPKMTRTYIH-UHFFFAOYSA-N;CCC(NCC)C(C1=CC2=C(CCC2)C=C1)=O;6.17;CFSRE;Cathinones;6.01;6.16;6.36;6.29;5.95;6.15;0.18;-0.02;Train;± 0.5 min
mCPP;VHFVKMTVMIZMIK-UHFFFAOYSA-N;ClC1=CC(N2CCNCC2)=CC=C1;5;CFSRE;Piperazine derivates;5.06;5.05;5.45;4.97;4.47;5.00;0.35;0.00;Train;± 0.5 min
meta-Fluorofuranylfentanyl;NLTYWPGXHYUTRN-UHFFFAOYSA-N;FC=1C=C(C=CC1)N(C(=O)C=1OC=CC1)C1CCN(CC1)CCC1=CC=CC=C1;6.31;CFSRE;Opioids;6.39;6.59;6.45;6.45;6.38;6.45;0.08;0.14;Validation;± 0.5 min
ortho-Fluorofuranylfentanyl;QAURJPLHDYKGHY-UHFFFAOYSA-N;FC1=C(C=CC=C1)N(C(=O)C=1OC=CC1)C1CCN(CC1)CCC1=CC=CC=C1;6.31;CFSRE;Opioids;6.39;6.59;6.45;6.45;6.38;6.45;0.08;0.14;Test;± 0.5 min
ortho-Isopropyl Furanylfentanyl;AYVSHUVVWFNBHR-UHFFFAOYSA-N;O=C(C1=CC=CO1)N(C2=CC=CC=C2C(C)C)C3CCN(CCC4=CC=CC=C4)CC3;7.38;CFSRE;Opioids;7.42;7.07;7.17;7.33;7.31;7.26;0.14;-0.12;Test;± 0.5 min
ortho-Methoxy Furanylfentanyl;DCDCWVRDPIOMBB-UHFFFAOYSA-N;O=C(C1=CC=CO1)N(C2=CC=CC=C2OC)C3CCN(CCC4=CC=CC=C4)CC3;6.49;CFSRE;Opioids;6.57;6.46;6.41;6.46;6.33;6.44;0.09;-0.05;Optimization;± 0.5 min
ortho-Methyl Acrylfentanyl;OGVFVSLKWMUIGR-UHFFFAOYSA-N;C=CC(N(C1CCN(CCC2=CC=CC=C2)CC1)C3=CC=CC=C3C)=O;6.51;CFSRE;Opioids;6.56;6.73;6.79;6.81;6.74;6.73;0.10;0.22;Optimization;± 0.5 min
ortho-Methyl Furanylfentanyl;BFKNHOZXFOQILA-UHFFFAOYSA-N;O=C(C1=CC=CO1)N(C2CCN(CCC3=CC=CC=C3)CC2)C4=CC=CC=C4C;6.66;CFSRE;Opioids;6.67;6.64;6.59;6.66;6.61;6.64;0.03;-0.02;Train;± 0.5 min
ortho-Methylacetyl Fentanyl;GRDWUDZBHWHLSH-UHFFFAOYSA-N;CC(N(C1=CC=CC=C1C)C2CCN(CCC3=CC=CC=C3)CC2)=O;6.09;CFSRE;Opioids;5.98;6.09;6.18;6.16;6.06;6.09;0.08;0.00;Validation;± 0.5 min
ortho-Methylmethoxyacetylfentanyl;JJNJJOPCUJRZRG-UHFFFAOYSA-N;COCC(=O)N(c1ccccc1C)C1CCN(CC1)CCc1ccccc1;6;CFSRE;Opioids;5.93;5.80;6.04;5.90;5.90;5.91;0.09;-0.09;Train;± 0.5 min
para-Chloro Acrylfentanyl;CSFZVPAQJHDOCD-UHFFFAOYSA-N;C=CC(N(C1=CC=C(Cl)C=C1)C2CCN(CCC3=CC=CC=C3)CC2)=O;6.78;CFSRE;Opioids;6.63;6.74;6.80;6.84;6.77;6.76;0.08;-0.02;Train;± 0.5 min
para-Chloro Cyclopentylfentanyl;SJMSXMAHJSSXOR-UHFFFAOYSA-N;O=C(C1CCCC1)N(C2=CC=C(Cl)C=C2)C3CCN(CCC4=CC=CC=C4)CC3;7.91;CFSRE;Opioids;7.55;7.37;7.52;7.69;7.60;7.55;0.12;-0.36;Optimization;± 0.5 min
para-Chloro Cyclopropylfentanyl;IPGLBSCVAGTNBX-UHFFFAOYSA-N;O=C(C1CC1)N(C2=CC=C(Cl)C=C2)C3CCN(CCC4=CC=CC=C4)CC3;7.07;CFSRE;Opioids;6.78;6.85;6.90;7.00;6.85;6.88;0.08;-0.19;Train;± 0.5 min
para-Chloro Furanylfentanyl;AZXDRBNBIMRBJI-UHFFFAOYSA-N;O=C(C1=CC=CO1)N(C2=CC=C(Cl)C=C2)C3CCN(CCC4=CC=CC=C4)CC3;6.92;CFSRE;Opioids;6.83;6.82;6.79;6.87;6.87;6.84;0.03;-0.08;Validation;± 0.5 min
para-Chloro Valerylfentanyl;FCGXDEMTTPNXQP-UHFFFAOYSA-N;CCCCC(N(C1=CC=C(Cl)C=C1)C2CCN(CCC3=CC=CC=C3)CC2)=O;7.83;CFSRE;Opioids;7.48;7.32;7.46;7.62;7.58;7.49;0.12;-0.34;Test;± 0.5 min
para-Chlorobutyryl Fentanyl;YRAMWTYYYLTADR-UHFFFAOYSA-N;CCCC(N(C1=CC=C(Cl)C=C1)C2CCN(CCC3=CC=CC=C3)CC2)=O;7.28;CFSRE;Opioids;7.10;7.12;7.15;7.31;7.17;7.17;0.08;-0.11;Validation;± 0.5 min
para-Fluoro Acetylfentanyl;OXKSBDHHJOPFAH-UHFFFAOYSA-N;FC1=CC=C(C=C1)N(C(C)=O)C1CCN(CC1)CCC1=CC=CC=C1;5.89;CFSRE;Opioids;5.63;5.75;5.85;5.80;5.77;5.76;0.08;-0.13;Train;± 0.5 min
para-Fluoro Cyclopropylfentanyl;CGLWFPGHBIADCN-UHFFFAOYSA-N;O=C(C1CC1)N(C2=CC=C(F)C=C2)C3CCN(CCC4=CC=CC=C4)CC3;6.6;CFSRE;Opioids;6.36;6.50;6.54;6.56;6.48;6.49;0.08;-0.11;Train;± 0.5 min
para-Fluoro Valerylfentanyl;LRGKRSJHHVAEAD-UHFFFAOYSA-N;CCCCC(N(C1=CC=C(F)C=C1)C2CCN(CCC3=CC=CC=C3)CC2)=O;7.38;CFSRE;Opioids;7.09;7.16;7.18;7.32;7.16;7.18;0.09;-0.20;Train;± 0.5 min
para-Fluoroacryl Fentanyl;ZTLLQVADDIYHJU-UHFFFAOYSA-N;C=CC(N(C1=CC=C(F)C=C1)C2CCN(CCC3=CC=CC=C3)CC2)=O;6.28;CFSRE;Opioids;6.20;6.36;6.47;6.47;6.33;6.37;0.11;0.09;Optimization;± 0.5 min
para-Fluorobutyryl Fentanyl;QZFMCYUBPSLOBP-UHFFFAOYSA-N;CCCC(N(C1=CC=C(F)C=C1)C2CCN(CCC3=CC=CC=C3)CC2)=O;6.81;CFSRE;Opioids;6.69;6.78;6.81;6.92;6.77;6.79;0.08;-0.02;Train;± 0.5 min
para-Fluorocyclopropylbenzylfentanyl;DGFCHXNCEJHFDB-UHFFFAOYSA-N;O=C(C1CC1)N(C2CCN(CC3=CC=CC=C3)CC2)C4=CC=C(F)C=C4;6.49;CFSRE;Opioids;6.09;6.19;6.26;6.25;6.18;6.19;0.07;-0.30;Test;± 0.5 min
para-Fluorofentanyl;KXUBAVLIJFTASZ-UHFFFAOYSA-N;CCC(N(C1=CC=C(F)C=C1)C2CCN(CCC3=CC=CC=C3)CC2)=O;6.35;CFSRE;Opioids;6.22;6.34;6.42;6.41;6.33;6.34;0.08;-0.01;Train;± 0.5 min
para-Fluorofuranylfentanyl;MGEQOAJOFFXWTR-UHFFFAOYSA-N;FC1=CC=C(C=C1)N(C(=O)C=1OC=CC1)C1CCN(CC1)CCC1=CC=CC=C1;6.31;CFSRE;Opioids;6.39;6.59;6.45;6.45;6.38;6.45;0.08;0.14;Validation;± 0.5 min
para-Methoxy Acrylfentanyl;OPFSSCQJIGSMRG-UHFFFAOYSA-N;C=CC(N(C1=CC=C(OC)C=C1)C2CCN(CCC3=CC=CC=C3)CC2)=O;6.34;CFSRE;Opioids;6.07;6.02;6.33;6.10;6.10;6.12;0.12;-0.22;Optimization;± 0.5 min
para-Methoxy Fentanyl;QKQAUPIOVFHVJI-UHFFFAOYSA-N;CCC(N(C1=CC=C(OC)C=C1)C2CCN(CCC3=CC=CC=C3)CC2)=O;6.45;CFSRE;Opioids;6.05;6.17;6.38;6.10;6.08;6.16;0.13;-0.29;Train;± 0.5 min
para-Methoxy Methoxyacetylfentanyl;UYPGPJKUKWRQGQ-UHFFFAOYSA-N;COCC(=O)N(c1ccc(cc1)OC)C1CCN(CC1)CCc1ccccc1;5.86;CFSRE;Opioids;5.60;5.69;5.88;5.69;5.51;5.68;0.14;-0.18;Train;± 0.5 min
para-Methoxyfuranylfentanyl;JCCKUDBCTLAHGQ-UHFFFAOYSA-N;O=C(C1=CC=CO1)N(C2=CC=C(OC)C=C2)C3CCN(CCC4=CC=CC=C4)CC3;6.47;CFSRE;Opioids;6.57;6.46;6.41;6.46;6.32;6.44;0.09;-0.03;Validation;± 0.5 min
para-Methyl AP-237;KILDQGNPVSPXPA-GQCTYLIASA-N;C1(=CC=C(C=C1)/C=C/CN1CCN(CC1)C(CCC)=O)C;6.06;CFSRE;Opioids;5.51;5.54;5.75;5.82;5.71;5.67;0.14;-0.39;Optimization;± 0.5 min
para-Methyl Acrylfentanyl;PAGSZSGDIQRYHE-UHFFFAOYSA-N;C=CC(N(C1CCN(CCC2=CC=CC=C2)CC1)C3=CC=C(C)C=C3)=O;6.69;CFSRE;Opioids;6.56;6.73;6.79;6.81;6.74;6.73;0.10;0.04;Train;± 0.5 min
para-Methyl Fentanyl;XHWYYMNEJCMADF-UHFFFAOYSA-N;CCC(N(C1=CC=C(C)C=C1)C2CCN(CCC3=CC=CC=C3)CC2)=O;6.8;CFSRE;Opioids;6.58;6.72;6.76;6.81;6.71;6.71;0.08;-0.09;Validation;± 0.5 min
para-Methyl Isobutyrylfentanyl;SVTFAGUOPSJFBQ-UHFFFAOYSA-N;CC(C)C(N(C1CCN(CCC2=CC=CC=C2)CC1)C3=CC=C(C)C=C3)=O;7.2;CFSRE;Opioids;7.04;7.12;7.20;7.24;7.19;7.16;0.08;-0.04;Optimization;± 0.5 min
para-Methyl Tetrahydrofuranylfentanyl;XFSPASILKQGTMK-UHFFFAOYSA-N;C(CC1=CC=CC=C1)N1CCC(CC1)N(C(=O)C1OCCC1)C1=CC=C(C=C1)C;6.49;CFSRE;Opioids;6.29;6.34;6.41;6.41;6.28;6.35;0.06;-0.14;Validation;± 0.5 min
para-Methylacetyl Fentanyl;JNQPTABAZAHVEN-UHFFFAOYSA-N;CC1=CC=C(C=C1)N(C(C)=O)C1CCN(CC1)CCC1=CC=CC=C1;6.3;CFSRE;Opioids;5.98;6.09;6.18;6.16;6.06;6.09;0.08;-0.21;Test;± 0.5 min
para-Methylcyclopropylfentanyl;HVDSXTDEYBCMRJ-UHFFFAOYSA-N;C(CC1=CC=CC=C1)N1CCC(CC1)N(C(=O)C1CC1)C1=CC=C(C=C1)C;6.96;CFSRE;Opioids;6.70;6.86;6.87;6.90;6.84;6.83;0.08;-0.13;Train;± 0.5 min
para-methoxyacetylfentanyl;MEAAIIUNOQOZBW-UHFFFAOYSA-N;CC(N(C1=CC=C(OC)C=C1)C2CCN(CCC3=CC=CC=C3)CC2)=O;5.98;CFSRE;Opioids;5.48;5.70;6.03;5.53;5.50;5.65;0.23;-0.33;Optimization;± 0.5 min
